player_id,shot_profile_source,rim_attempts,rim_makes,rim_fg_pct,rim_attempt_rate,midrange_attempts,midrange_makes,midrange_fg_pct,midrange_attempt_rate,corner_three_attempts,corner_three_makes,corner_three_pct,corner_three_attempt_rate,above_break_three_attempts,above_break_three_makes,above_break_three_pct,above_break_three_attempt_rate
alabama_aden_holloway,tracking,91,50,0.549,0.29,54,27,0.5,0.172,59,26,0.441,0.188,110,48,0.436,0.35
alabama_latrell_wrightsell_jr_,tracking,38,20,0.526,0.15,34,16,0.471,0.134,64,23,0.359,0.252,118,42,0.356,0.465
alabama_amari_allen,tracking,101,59,0.584,0.414,17,6,0.353,0.07,44,16,0.364,0.18,82,30,0.366,0.336
alabama_houston_mallette,tracking,18,11,0.611,0.105,1,0,0.0,0.006,54,19,0.352,0.314,99,34,0.343,0.576
alabama_taylor_bol_bowen,tracking,35,23,0.657,0.267,12,5,0.417,0.092,29,8,0.276,0.221,55,16,0.291,0.42
alabama_london_jemison,tracking,59,35,0.593,0.415,3,0,0.0,0.021,28,10,0.357,0.197,52,18,0.346,0.366
alabama_keitenn_bristow,tracking,23,11,0.478,0.697,1,0,0.0,0.03,3,0,0.0,0.091,6,1,0.167,0.182
alabama_davion_hannah,tracking,13,7,0.538,0.5,2,1,0.5,0.077,4,1,0.25,0.154,7,3,0.429,0.269
alabama_noah_williamson,tracking,14,9,0.643,0.326,3,0,0.0,0.07,9,1,0.111,0.209,17,1,0.059,0.395
alabama_drew_fielder,tracking,129,85,0.659,0.419,86,45,0.523,0.279,33,13,0.394,0.107,60,25,0.417,0.195
arizona_jaden_bradley,tracking,109,54,0.495,0.336,157,72,0.459,0.485,20,8,0.4,0.062,38,15,0.395,0.117
arizona_ivan_kharchenkov,tracking,108,73,0.676,0.412,62,26,0.419,0.237,32,10,0.312,0.122,60,20,0.333,0.229
arizona_motiejus_krivas,tracking,107,67,0.626,0.514,89,50,0.562,0.428,4,1,0.25,0.019,8,3,0.375,0.038
arizona_tobe_awaka,tracking,143,92,0.643,0.741,40,18,0.45,0.207,4,2,0.5,0.021,6,3,0.5,0.031
arizona_anthony_dell_orso,tracking,56,34,0.607,0.218,64,27,0.422,0.249,48,16,0.333,0.187,89,29,0.326,0.346
arizona_derek_dixon,tracking,27,8,0.296,0.153,31,10,0.323,0.175,42,16,0.381,0.237,77,31,0.403,0.435
arizona_state_moe_odum,tracking,55,29,0.527,0.133,123,50,0.407,0.297,83,31,0.373,0.2,153,58,0.379,0.37
arizona_state_anthony_johnson,tracking,180,101,0.561,0.596,43,10,0.233,0.142,28,9,0.321,0.093,51,17,0.333,0.169
arizona_state_santiago_trouet,tracking,95,55,0.579,0.468,84,31,0.369,0.414,8,2,0.25,0.039,16,3,0.188,0.079
arizona_state_bryce_ford,tracking,27,16,0.593,0.164,36,14,0.389,0.218,36,11,0.306,0.218,66,21,0.318,0.4
arizona_state_andrija_grbovic,tracking,46,26,0.565,0.245,19,7,0.368,0.101,43,15,0.349,0.229,80,28,0.35,0.426
arizona_state_noah_meeusen,tracking,27,19,0.704,0.185,19,6,0.316,0.13,35,11,0.314,0.24,65,20,0.308,0.445
arizona_state_allen_david_mukeba,tracking,92,56,0.609,0.702,35,16,0.457,0.267,1,0,0.0,0.008,3,1,0.333,0.023
arizona_state_marcus_adams_jr_,tracking,8,5,0.625,0.195,6,1,0.167,0.146,9,3,0.333,0.22,18,5,0.278,0.439
arizona_state_paulius_murauskas,tracking,158,101,0.639,0.386,125,53,0.424,0.306,44,16,0.364,0.108,82,30,0.366,0.2
arkansas_meleek_thomas,tracking,103,57,0.553,0.243,137,46,0.336,0.324,64,27,0.422,0.151,119,50,0.42,0.281
arkansas_trevon_brazile,tracking,125,100,0.8,0.43,52,15,0.288,0.179,40,14,0.35,0.137,74,27,0.365,0.254
arkansas_billy_richmond_iii,tracking,155,114,0.735,0.564,67,26,0.388,0.244,19,5,0.263,0.069,34,8,0.235,0.124
arkansas_malique_ewin,tracking,148,100,0.676,0.747,46,14,0.304,0.232,1,1,1.0,0.005,3,2,0.667,0.015
arkansas_d_j_wagner,tracking,73,42,0.575,0.372,23,6,0.261,0.117,35,13,0.371,0.179,65,23,0.354,0.332
arkansas_nick_pringle,tracking,78,59,0.756,0.951,4,0,0.0,0.049,0,0,,0.0,0,0,,0.0
arkansas_jeremiah_wilkinson,tracking,139,74,0.532,0.358,43,13,0.302,0.111,72,25,0.347,0.186,134,47,0.351,0.345
auburn_keyshawn_hall,tracking,176,93,0.528,0.457,65,24,0.369,0.169,50,19,0.38,0.13,94,36,0.383,0.244
auburn_tahaad_pettiford,tracking,121,69,0.57,0.276,104,42,0.404,0.237,75,22,0.293,0.171,139,42,0.302,0.317
auburn_kevin_overton,tracking,68,40,0.588,0.21,67,26,0.388,0.207,66,26,0.394,0.204,123,47,0.382,0.38
auburn_keshawn_murphy,tracking,132,88,0.667,0.587,52,25,0.481,0.231,14,5,0.357,0.062,27,8,0.296,0.12
auburn_filip_jovic,tracking,95,64,0.674,0.95,2,0,0.0,0.02,1,0,0.0,0.01,2,0,0.0,0.02
auburn_kaden_magwood,tracking,12,5,0.417,0.226,16,8,0.5,0.302,9,2,0.222,0.17,16,5,0.312,0.302
baylor_obi_agbim,tracking,18,9,0.5,0.06,79,31,0.392,0.262,71,25,0.352,0.236,133,47,0.353,0.442
baylor_isaac_williams,tracking,87,59,0.678,0.394,87,43,0.494,0.394,16,8,0.5,0.072,31,15,0.484,0.14
baylor_daniel_skillings_jr_,tracking,92,53,0.576,0.428,52,20,0.385,0.242,25,7,0.28,0.116,46,14,0.304,0.214
baylor_michael_rataj,tracking,54,32,0.593,0.267,93,43,0.462,0.46,19,4,0.211,0.094,36,8,0.222,0.178
baylor_caden_powell,tracking,72,51,0.708,0.6,46,29,0.63,0.383,1,0,0.0,0.008,1,0,0.0,0.008
boise_state_javan_buchanan,tracking,129,66,0.512,0.462,51,21,0.412,0.183,35,11,0.314,0.125,64,21,0.328,0.229
boise_state_dylan_andrews,tracking,76,41,0.539,0.254,77,27,0.351,0.258,51,16,0.314,0.171,95,30,0.316,0.318
boise_state_andrew_meadow,tracking,111,74,0.667,0.425,36,15,0.417,0.138,40,15,0.375,0.153,74,29,0.392,0.284
boise_state_pearson_carmichael,tracking,43,27,0.628,0.222,33,17,0.515,0.17,41,13,0.317,0.211,77,23,0.299,0.397
boise_state_dominic_parolin,tracking,79,49,0.62,0.687,12,3,0.25,0.104,8,2,0.25,0.07,16,5,0.312,0.139
boise_state_spencer_ahrens,tracking,41,25,0.61,0.323,24,9,0.375,0.189,22,8,0.364,0.173,40,14,0.35,0.315
boise_state_aginaldo_neto,tracking,57,25,0.439,0.509,9,1,0.111,0.08,16,5,0.312,0.143,30,10,0.333,0.268
boise_state_rj_keene,tracking,21,10,0.476,0.266,3,1,0.333,0.038,19,7,0.368,0.241,36,12,0.333,0.456
boston_college_fred_payne,tracking,100,54,0.54,0.225,134,58,0.433,0.302,74,23,0.311,0.167,136,43,0.316,0.306
boston_college_donald_hand_jr_,tracking,72,37,0.514,0.236,90,34,0.378,0.295,50,11,0.22,0.164,93,21,0.226,0.305
boston_college_boden_kapke,tracking,102,62,0.608,0.413,64,32,0.5,0.259,28,9,0.321,0.113,53,18,0.34,0.215
boston_college_jayden_hastings,tracking,93,60,0.645,0.744,28,16,0.571,0.224,1,0,0.0,0.008,3,0,0.0,0.024
boston_college_luka_toews,tracking,8,5,0.625,0.05,78,32,0.41,0.484,26,10,0.385,0.161,49,19,0.388,0.304
boston_college_chase_forte,tracking,63,31,0.492,0.36,26,6,0.231,0.149,30,8,0.267,0.171,56,14,0.25,0.32
boston_college_aidan_shaw,tracking,65,45,0.692,0.637,22,5,0.227,0.216,5,1,0.2,0.049,10,1,0.1,0.098
boston_college_caleb_steger,tracking,16,7,0.438,0.182,2,1,0.5,0.023,24,7,0.292,0.273,46,13,0.283,0.523
bradley_alex_huibregtse,tracking,35,27,0.771,0.109,57,15,0.263,0.178,80,34,0.425,0.25,148,64,0.432,0.462
bradley_demarion_burch,tracking,74,39,0.527,0.347,58,22,0.379,0.272,28,9,0.321,0.131,53,16,0.302,0.249
bradley_montana_wheeler,tracking,70,40,0.571,0.302,60,24,0.4,0.259,36,12,0.333,0.155,66,22,0.333,0.284
bradley_aj_smith,tracking,93,50,0.538,0.441,25,7,0.28,0.118,33,12,0.364,0.156,60,22,0.367,0.284
bradley_ahmet_jonovic,tracking,103,73,0.709,0.575,71,21,0.296,0.397,2,0,0.0,0.011,3,1,0.333,0.017
bradley_timoty_van_der_knaap,tracking,94,52,0.553,0.508,27,12,0.444,0.146,22,5,0.227,0.119,42,10,0.238,0.227
bradley_corey_thomas,tracking,28,23,0.821,0.215,43,22,0.512,0.331,21,7,0.333,0.162,38,12,0.316,0.292
butler_michael_ajayi,tracking,206,121,0.587,0.496,140,50,0.357,0.337,24,6,0.25,0.058,45,12,0.267,0.108
butler_jalen_jackson,tracking,22,16,0.727,0.512,16,4,0.25,0.372,2,1,0.5,0.047,3,1,0.333,0.07
butler_jamie_kaiser,tracking,83,50,0.602,0.369,26,8,0.308,0.116,41,14,0.341,0.182,75,26,0.347,0.333
butler_yohan_traore,tracking,133,85,0.639,0.773,24,6,0.25,0.14,5,1,0.2,0.029,10,2,0.2,0.058
butler_evan_haywood,tracking,33,13,0.394,0.167,12,3,0.25,0.061,54,19,0.352,0.273,99,36,0.364,0.5
butler_drayton_jones,tracking,89,58,0.652,0.767,26,10,0.385,0.224,0,0,,0.0,1,0,0.0,0.009
butler_azavier_robinson,tracking,55,26,0.473,0.55,15,8,0.533,0.15,10,5,0.5,0.1,20,8,0.4,0.2
butler_efeosa_oliogu_elabor,tracking,76,39,0.513,0.724,10,2,0.2,0.095,7,1,0.143,0.067,12,1,0.083,0.114
butler_yame_butler,tracking,44,24,0.545,0.431,20,11,0.55,0.196,13,4,0.308,0.127,25,7,0.28,0.245
byu_robert_wright_iii,tracking,163,92,0.564,0.354,168,69,0.411,0.364,46,19,0.413,0.1,84,36,0.429,0.182
byu_richie_saunders,tracking,95,66,0.695,0.318,37,17,0.459,0.124,58,22,0.379,0.194,109,41,0.376,0.365
byu_kennard_davis,tracking,38,29,0.763,0.17,30,9,0.3,0.134,55,17,0.309,0.246,101,32,0.317,0.451
byu_dawson_baker,tracking,7,3,0.429,0.226,5,2,0.4,0.161,7,3,0.429,0.226,12,6,0.5,0.387
byu_keba_keita,tracking,89,68,0.764,0.795,22,8,0.364,0.196,0,0,,0.0,1,0,0.0,0.009
byu_aleksej_kosti_,tracking,8,3,0.375,0.082,7,3,0.429,0.072,29,11,0.379,0.299,53,20,0.377,0.546
byu_mihailo_boskovic,tracking,21,14,0.667,0.244,13,6,0.462,0.151,18,5,0.278,0.209,34,9,0.265,0.395
byu_khadim_mboup,tracking,45,28,0.622,0.682,9,3,0.333,0.136,4,1,0.25,0.061,8,1,0.125,0.121
byu_tyler_mrus,tracking,0,0,,0.0,1,1,1.0,0.022,16,5,0.312,0.348,29,9,0.31,0.63
byu_abdullah_ahmed,tracking,18,9,0.5,0.9,2,1,0.5,0.1,0,0,,0.0,0,0,,0.0
byu_collin_chandler,tracking,52,31,0.596,0.212,29,8,0.276,0.118,57,24,0.421,0.233,107,46,0.43,0.437
california_chris_bell,tracking,52,33,0.635,0.172,80,36,0.45,0.265,59,22,0.373,0.195,111,42,0.378,0.368
california_john_camden,tracking,45,34,0.756,0.144,57,23,0.404,0.182,74,29,0.392,0.236,137,55,0.401,0.438
california_lee_dort,tracking,107,71,0.664,0.817,24,8,0.333,0.183,0,0,,0.0,0,0,,0.0
california_rytis_petraitis,tracking,16,11,0.688,0.667,3,1,0.333,0.125,2,1,0.5,0.083,3,1,0.333,0.125
california_semetri_tt_carr,tracking,38,22,0.579,0.418,20,2,0.1,0.22,12,3,0.25,0.132,21,5,0.238,0.231
california_milos_ilic,tracking,61,36,0.59,0.803,8,3,0.375,0.105,2,1,0.5,0.026,5,1,0.2,0.066
california_dj_campbell,tracking,22,10,0.455,0.306,25,6,0.24,0.347,9,3,0.333,0.125,16,6,0.375,0.222
california_nolan_dorsey,tracking,13,9,0.692,0.26,1,0,0.0,0.02,13,4,0.308,0.26,23,7,0.304,0.46
cincinnati_baba_miller,tracking,144,103,0.715,0.514,84,35,0.417,0.3,18,4,0.222,0.064,34,6,0.176,0.121
cincinnati_day_day_thomas,tracking,49,19,0.388,0.152,84,29,0.345,0.261,66,25,0.379,0.205,123,47,0.382,0.382
cincinnati_jizzle_james,tracking,37,22,0.595,0.17,86,32,0.372,0.394,33,15,0.455,0.151,62,27,0.435,0.284
cincinnati_jalen_celestine,tracking,21,13,0.619,0.094,30,12,0.4,0.134,61,24,0.393,0.272,112,46,0.411,0.5
cincinnati_shon_abaev,tracking,31,20,0.645,0.199,23,6,0.261,0.147,36,9,0.25,0.231,66,17,0.258,0.423
cincinnati_kerr_kriisa,tracking,3,2,0.667,0.029,5,2,0.4,0.048,34,11,0.324,0.324,63,20,0.317,0.6
cincinnati_sencire_harris,tracking,91,48,0.527,0.576,34,7,0.206,0.215,12,2,0.167,0.076,21,4,0.19,0.133
cincinnati_keyshuan_tillery,tracking,38,19,0.5,0.345,23,5,0.217,0.209,17,6,0.353,0.155,32,11,0.344,0.291
cincinnati_tyler_mckinley,tracking,24,16,0.667,0.585,15,5,0.333,0.366,1,0,0.0,0.024,1,0,0.0,0.024
clemson_rj_godfrey,tracking,182,117,0.643,0.714,64,37,0.578,0.251,3,1,0.333,0.012,6,1,0.167,0.024
clemson_carter_welling,tracking,118,70,0.593,0.544,41,20,0.488,0.189,20,6,0.3,0.092,38,11,0.289,0.175
clemson_jestin_porter,tracking,73,32,0.438,0.248,40,15,0.375,0.136,63,22,0.349,0.214,118,40,0.339,0.401
clemson_nick_davidson,tracking,80,58,0.725,0.37,54,25,0.463,0.25,29,10,0.345,0.134,53,19,0.358,0.245
clemson_ace_buckner,tracking,72,43,0.597,0.323,61,25,0.41,0.274,31,10,0.323,0.139,59,19,0.322,0.265
clemson_dillon_hunter,tracking,49,26,0.531,0.236,67,28,0.418,0.322,32,11,0.344,0.154,60,20,0.333,0.288
clemson_zac_foster,tracking,29,11,0.379,0.345,8,2,0.25,0.095,16,5,0.312,0.19,31,8,0.258,0.369
clemson_efrem_johnson,tracking,26,14,0.538,0.153,27,10,0.37,0.159,41,14,0.341,0.241,76,27,0.355,0.447
clemson_jake_wahlin,tracking,42,24,0.571,0.271,15,6,0.4,0.097,34,12,0.353,0.219,64,22,0.344,0.413
clemson_chase_thompson,tracking,21,14,0.667,0.412,5,3,0.6,0.098,9,4,0.444,0.176,16,6,0.375,0.314
colorado_barrington_hargress,tracking,96,61,0.635,0.302,119,58,0.487,0.374,36,18,0.5,0.113,67,32,0.478,0.211
colorado_sebastian_rancik,tracking,70,39,0.557,0.275,67,25,0.373,0.263,41,14,0.341,0.161,77,25,0.325,0.302
colorado_bangot_dak,tracking,144,92,0.639,0.488,97,39,0.402,0.329,19,5,0.263,0.064,35,9,0.257,0.119
colorado_alon_michaeli,tracking,92,46,0.5,0.479,40,12,0.3,0.208,21,6,0.286,0.109,39,12,0.308,0.203
colorado_jalin_holland,tracking,63,33,0.524,0.467,23,8,0.348,0.17,17,5,0.294,0.126,32,9,0.281,0.237
colorado_felix_kossaras,tracking,30,20,0.667,0.366,6,4,0.667,0.073,16,6,0.375,0.195,30,11,0.367,0.366
colorado_josiah_sanders,tracking,72,44,0.611,0.61,22,9,0.409,0.186,8,1,0.125,0.068,16,2,0.125,0.136
colorado_elijah_malone,tracking,65,35,0.538,0.619,26,14,0.538,0.248,5,1,0.2,0.048,9,3,0.333,0.086
colorado_ian_inman,tracking,2,2,1.0,0.03,11,6,0.545,0.164,19,7,0.368,0.284,35,13,0.371,0.522
colorado_state_brandon_rechsteiner,tracking,48,33,0.688,0.156,47,21,0.447,0.153,74,30,0.405,0.241,138,56,0.406,0.45
colorado_state_kyle_jorgensen,tracking,66,44,0.667,0.316,46,27,0.587,0.22,34,14,0.412,0.163,63,27,0.429,0.301
colorado_state_carey_booth,tracking,89,66,0.742,0.414,42,14,0.333,0.195,29,12,0.414,0.135,55,21,0.382,0.256
colorado_state_josh_pascarelli,tracking,43,31,0.721,0.203,21,5,0.238,0.099,52,21,0.404,0.245,96,40,0.417,0.453
colorado_state_jevin_muniz,tracking,95,60,0.632,0.413,38,13,0.342,0.165,34,13,0.382,0.148,63,23,0.365,0.274
colorado_state_jase_butler,tracking,65,35,0.538,0.348,15,7,0.467,0.08,37,16,0.432,0.198,70,29,0.414,0.374
colorado_state_rashaan_mbemba,tracking,49,40,0.816,0.598,23,5,0.217,0.28,4,2,0.5,0.049,6,3,0.5,0.073
colorado_state_augustinas_kiudulas,tracking,43,30,0.698,0.374,37,16,0.432,0.322,12,6,0.5,0.104,23,10,0.435,0.2
colorado_state_jojo_mciver,tracking,21,14,0.667,0.309,15,6,0.4,0.221,11,2,0.182,0.162,21,4,0.19,0.309
creighton_josh_dix,tracking,69,54,0.783,0.198,91,34,0.374,0.261,66,22,0.333,0.189,123,42,0.341,0.352
creighton_austin_swartz,tracking,41,26,0.634,0.149,67,32,0.478,0.243,59,23,0.39,0.214,109,42,0.385,0.395
creighton_nik_graves,tracking,69,43,0.623,0.263,67,22,0.328,0.256,44,13,0.295,0.168,82,23,0.28,0.313
creighton_jasen_green,tracking,127,85,0.669,0.559,47,19,0.404,0.207,19,7,0.368,0.084,34,12,0.353,0.15
creighton_blake_harper,tracking,60,35,0.583,0.349,59,24,0.407,0.343,19,7,0.368,0.11,34,12,0.353,0.198
creighton_jackson_mcandrew,tracking,5,2,0.4,0.172,3,1,0.333,0.103,7,2,0.286,0.241,14,4,0.286,0.483
creighton_isaac_traudt,tracking,19,11,0.579,0.111,3,1,0.333,0.018,52,20,0.385,0.304,97,38,0.392,0.567
creighton_fedor_ugi_,tracking,43,25,0.581,0.321,4,0,0.0,0.03,30,10,0.333,0.224,57,19,0.333,0.425
creighton_owen_freeman,tracking,75,50,0.667,0.824,16,5,0.312,0.176,0,0,,0.0,0,0,,0.0
creighton_hudson_greer,tracking,21,14,0.667,0.288,11,2,0.182,0.151,14,6,0.429,0.192,27,10,0.37,0.37
creighton_kerem_konan,tracking,42,28,0.667,0.894,5,0,0.0,0.106,0,0,,0.0,0,0,,0.0
creighton_ty_davis,tracking,13,6,0.462,0.351,4,1,0.25,0.108,7,1,0.143,0.189,13,3,0.231,0.351
creighton_oswin_erhunmwunse,tracking,126,91,0.722,0.857,21,8,0.381,0.143,0,0,,0.0,0,0,,0.0
dayton_javon_bennett,tracking,104,59,0.567,0.233,100,32,0.32,0.224,85,29,0.341,0.191,157,55,0.35,0.352
dayton_de_shayne_montgomery,tracking,160,105,0.656,0.473,31,10,0.323,0.092,51,17,0.333,0.151,96,32,0.333,0.284
dayton_amael_l_etang,tracking,125,81,0.648,0.525,27,6,0.222,0.113,30,11,0.367,0.126,56,20,0.357,0.235
dayton_jordan_derkack,tracking,91,44,0.484,0.548,22,4,0.182,0.133,19,5,0.263,0.114,34,10,0.294,0.205
dayton_keonte_jones,tracking,126,75,0.595,0.681,21,6,0.286,0.114,13,5,0.385,0.07,25,9,0.36,0.135
dayton_bryce_heard,tracking,49,24,0.49,0.331,35,15,0.429,0.236,22,8,0.364,0.149,42,14,0.333,0.284
dayton_jaiun_simon,tracking,66,40,0.606,0.584,15,2,0.133,0.133,11,4,0.364,0.097,21,8,0.381,0.186
dayton_jacob_conner,tracking,28,18,0.643,0.318,4,1,0.25,0.045,20,6,0.3,0.227,36,12,0.333,0.409
depaul_cj_gunn,tracking,74,37,0.5,0.193,130,57,0.438,0.339,63,21,0.333,0.164,117,38,0.325,0.305
depaul_n_j_benson,tracking,211,146,0.692,0.844,35,12,0.343,0.14,1,0,0.0,0.004,3,1,0.333,0.012
depaul_layden_blocker,tracking,110,48,0.436,0.362,80,24,0.3,0.263,40,13,0.325,0.132,74,24,0.324,0.243
depaul_brandon_maclin,tracking,109,62,0.569,0.458,56,20,0.357,0.235,26,8,0.308,0.109,47,15,0.319,0.197
depaul_rj_smith,tracking,41,18,0.439,0.21,31,13,0.419,0.159,43,14,0.326,0.221,80,26,0.325,0.41
depaul_kaleb_banks,tracking,49,32,0.653,0.392,13,2,0.154,0.104,22,8,0.364,0.176,41,14,0.341,0.328
depaul_kruz_mcclure,tracking,23,11,0.478,0.193,14,1,0.071,0.118,29,9,0.31,0.244,53,17,0.321,0.445
depaul_th_o_pierre_justin,tracking,25,10,0.4,0.25,12,7,0.583,0.12,22,9,0.409,0.22,41,16,0.39,0.41
depaul_fabian_flores,tracking,40,27,0.675,0.851,6,4,0.667,0.128,0,0,,0.0,1,1,1.0,0.021
depaul_jeremy_lorenz,tracking,8,5,0.625,0.8,1,1,1.0,0.1,0,0,,0.0,1,0,0.0,0.1
depaul_magoon_gwath,tracking,69,45,0.652,0.442,41,16,0.39,0.263,16,7,0.438,0.103,30,13,0.433,0.192
drake_jalen_quinn,tracking,178,101,0.567,0.348,195,86,0.441,0.382,48,16,0.333,0.094,90,31,0.344,0.176
drake_owen_larson,tracking,55,39,0.709,0.251,37,12,0.324,0.169,44,13,0.295,0.201,83,24,0.289,0.379
drake_eli_shetlar,tracking,27,17,0.63,0.113,17,9,0.529,0.071,69,27,0.391,0.287,127,51,0.402,0.529
drake_jaehshon_thomas,tracking,64,35,0.547,0.249,83,34,0.41,0.323,38,12,0.316,0.148,72,22,0.306,0.28
drake_okku_federiko,tracking,129,83,0.643,0.623,24,10,0.417,0.116,19,5,0.263,0.092,35,10,0.286,0.169
drake_wilguens_jr_exacte,tracking,49,30,0.612,0.422,21,7,0.333,0.181,16,4,0.25,0.138,30,6,0.2,0.259
drake_andrew_alia,tracking,31,16,0.516,0.173,25,11,0.44,0.14,43,16,0.372,0.24,80,31,0.388,0.447
drake_braden_appelhans,tracking,16,8,0.5,0.128,19,7,0.368,0.152,31,13,0.419,0.248,59,23,0.39,0.472
drake_isaiah_carr,tracking,68,41,0.603,0.872,9,3,0.333,0.115,0,0,,0.0,1,0,0.0,0.013
drake_griffen_goodbary,tracking,38,26,0.684,0.521,3,1,0.333,0.041,11,4,0.364,0.151,21,7,0.333,0.288
duke_patrick_ngongba,tracking,134,94,0.701,0.74,18,7,0.389,0.099,10,3,0.3,0.055,19,5,0.263,0.105
duke_caleb_foster,tracking,85,40,0.471,0.392,35,17,0.486,0.161,34,14,0.412,0.157,63,25,0.397,0.29
duke_cayden_boozer,tracking,72,48,0.667,0.409,45,21,0.467,0.256,21,6,0.286,0.119,38,11,0.289,0.216
duke_dame_sarr,tracking,57,33,0.579,0.31,9,4,0.444,0.049,41,13,0.317,0.223,77,24,0.312,0.418
duke_maliq_brown,tracking,91,69,0.758,0.758,0,0,,0.0,10,2,0.2,0.083,19,3,0.158,0.158
duke_darren_harris,tracking,18,10,0.556,0.207,2,0,0.0,0.023,23,8,0.348,0.264,44,15,0.341,0.506
duke_john_blackwell,tracking,98,55,0.561,0.22,100,41,0.41,0.225,86,33,0.384,0.193,161,61,0.379,0.362
florida_thomas_haugh,tracking,171,107,0.626,0.452,36,12,0.333,0.095,60,20,0.333,0.159,111,36,0.324,0.294
florida_alex_condon,tracking,189,124,0.656,0.589,76,43,0.566,0.237,20,4,0.2,0.062,36,6,0.167,0.112
florida_boogie_fland,tracking,106,72,0.679,0.335,92,38,0.413,0.291,41,10,0.244,0.13,77,18,0.234,0.244
florida_xaivian_lee,tracking,106,69,0.651,0.33,29,10,0.345,0.09,65,19,0.292,0.202,121,34,0.281,0.377
florida_rueben_chinyelu,tracking,167,112,0.671,0.679,74,31,0.419,0.301,2,0,0.0,0.008,3,1,0.333,0.012
florida_urban_klavzar,tracking,25,18,0.72,0.111,31,13,0.419,0.138,59,24,0.407,0.262,110,44,0.4,0.489
florida_isaiah_brown,tracking,77,43,0.558,0.579,5,1,0.2,0.038,18,6,0.333,0.135,33,11,0.333,0.248
florida_micah_handlogten,tracking,89,58,0.652,0.947,3,1,0.333,0.032,1,0,0.0,0.011,1,0,0.0,0.011
florida_denzel_aberdeen,tracking,77,50,0.649,0.221,118,46,0.39,0.338,54,19,0.352,0.155,100,35,0.35,0.287
florida_atlantic_devin_vanterpool,tracking,92,50,0.543,0.31,57,28,0.491,0.192,52,18,0.346,0.175,96,34,0.354,0.323
florida_atlantic_kanaan_carlyle,tracking,53,33,0.623,0.163,94,42,0.447,0.288,63,20,0.317,0.193,116,38,0.328,0.356
florida_atlantic_isaiah_elohim,tracking,114,63,0.553,0.368,90,42,0.467,0.29,37,14,0.378,0.119,69,25,0.362,0.223
florida_atlantic_devin_williams,tracking,101,66,0.653,0.51,48,20,0.417,0.242,17,5,0.294,0.086,32,10,0.312,0.162
florida_atlantic_xander_pintelon,tracking,53,27,0.509,0.321,7,3,0.429,0.042,37,13,0.351,0.224,68,24,0.353,0.412
florida_atlantic_niccolo_moretti,tracking,75,46,0.613,0.521,24,9,0.375,0.167,16,4,0.25,0.111,29,8,0.276,0.201
florida_atlantic_amar_amkou,tracking,49,29,0.592,0.48,9,0,0.0,0.088,15,6,0.4,0.147,29,10,0.345,0.284
florida_atlantic_maxim_logue,tracking,80,59,0.738,0.899,6,1,0.167,0.067,1,0,0.0,0.011,2,0,0.0,0.022
florida_atlantic_yohann_sissoko,tracking,32,14,0.438,0.5,11,3,0.273,0.172,7,3,0.429,0.109,14,6,0.429,0.219
florida_state_robert_mccray_v,tracking,191,105,0.55,0.449,95,40,0.421,0.224,49,17,0.347,0.115,90,32,0.356,0.212
florida_state_chauncey_wiggins,tracking,53,43,0.811,0.172,70,33,0.471,0.227,65,25,0.385,0.211,120,47,0.392,0.39
florida_state_lajae_jones,tracking,119,70,0.588,0.371,33,12,0.364,0.103,59,19,0.322,0.184,110,36,0.327,0.343
florida_state_martin_somerville,tracking,27,7,0.259,0.119,21,9,0.429,0.093,62,21,0.339,0.274,116,39,0.336,0.513
florida_state_kobe_magee,tracking,37,23,0.622,0.17,11,4,0.364,0.05,59,19,0.322,0.271,111,36,0.324,0.509
florida_state_alex_steen,tracking,100,68,0.68,0.855,16,6,0.375,0.137,0,0,,0.0,1,0,0.0,0.009
florida_state_thomas_bassong,tracking,92,57,0.62,0.622,6,2,0.333,0.041,18,5,0.278,0.122,32,8,0.25,0.216
florida_state_cam_miles,tracking,43,26,0.605,0.323,16,6,0.375,0.12,26,6,0.231,0.195,48,10,0.208,0.361
florida_state_aj_swinton,tracking,36,23,0.639,0.367,4,1,0.25,0.041,20,7,0.35,0.204,38,12,0.316,0.388
georgetown_vincent_iwuchukwu,tracking,101,65,0.644,0.577,58,25,0.431,0.331,6,2,0.333,0.034,10,4,0.4,0.057
georgetown_caleb_williams,tracking,64,39,0.609,0.281,50,20,0.4,0.219,40,15,0.375,0.175,74,28,0.378,0.325
georgetown_jeremiah_williams,tracking,80,35,0.438,0.423,74,27,0.365,0.392,12,5,0.417,0.063,23,8,0.348,0.122
georgetown_kayvaun_mulready,tracking,41,24,0.585,0.287,11,5,0.455,0.077,32,11,0.344,0.224,59,20,0.339,0.413
georgetown_deshawn_harris_smith,tracking,17,12,0.706,0.85,1,0,0.0,0.05,1,0,0.0,0.05,1,0,0.0,0.05
georgetown_isaiah_abraham,tracking,41,21,0.512,0.287,25,9,0.36,0.175,27,9,0.333,0.189,50,16,0.32,0.35
georgetown_jayden_fort,tracking,64,37,0.578,0.762,10,4,0.4,0.119,4,0,0.0,0.048,6,1,0.167,0.071
georgetown_langston_love,tracking,17,11,0.647,0.298,8,3,0.375,0.14,11,3,0.273,0.193,21,5,0.238,0.368
georgetown_elmarko_jackson,tracking,34,16,0.471,0.286,42,12,0.286,0.353,15,6,0.4,0.126,28,10,0.357,0.235
georgetown_jaland_lowe,tracking,26,11,0.423,0.388,17,8,0.471,0.254,8,2,0.25,0.119,16,3,0.188,0.239
georgetown_josiah_parker,tracking,137,92,0.672,0.576,76,25,0.329,0.319,9,1,0.111,0.038,16,3,0.188,0.067
georgetown_vyctorius_miller,tracking,77,38,0.494,0.314,50,21,0.42,0.204,41,15,0.366,0.167,77,28,0.364,0.314
georgia_blue_cain,tracking,133,86,0.647,0.413,43,21,0.488,0.134,51,16,0.314,0.158,95,29,0.305,0.295
georgia_marcus_millender,tracking,84,49,0.583,0.302,45,20,0.444,0.162,52,21,0.404,0.187,97,38,0.392,0.349
georgia_kanon_catchings,tracking,58,37,0.638,0.195,64,26,0.406,0.215,62,24,0.387,0.208,114,44,0.386,0.383
georgia_somto_cyril,tracking,150,117,0.78,0.949,7,3,0.429,0.044,0,0,,0.0,1,0,0.0,0.006
georgia_jordan_ross,tracking,79,40,0.506,0.541,26,8,0.308,0.178,14,5,0.357,0.096,27,8,0.296,0.185
georgia_jake_wilkins,tracking,55,39,0.709,0.487,3,2,0.667,0.027,19,4,0.211,0.168,36,8,0.222,0.319
georgia_kareem_stagg,tracking,45,33,0.733,0.441,9,4,0.444,0.088,17,5,0.294,0.167,31,10,0.323,0.304
georgia_dylan_james,tracking,68,40,0.588,0.54,41,16,0.39,0.325,6,0,0.0,0.048,11,1,0.091,0.087
georgia_justin_bailey,tracking,19,9,0.474,0.179,10,4,0.4,0.094,27,9,0.333,0.255,50,18,0.36,0.472
georgia_justin_abson,tracking,45,31,0.689,0.865,5,1,0.2,0.096,1,0,0.0,0.019,1,0,0.0,0.019
georgia_tech_kowacie_reeves_jr_,tracking,80,52,0.65,0.234,103,43,0.417,0.301,56,21,0.375,0.164,103,40,0.388,0.301
georgia_tech_akai_fleming,tracking,96,45,0.469,0.376,70,21,0.3,0.275,31,10,0.323,0.122,58,19,0.328,0.227
georgia_tech_jaeden_mustaf,tracking,118,64,0.542,0.511,56,15,0.268,0.242,20,7,0.35,0.087,37,14,0.378,0.16
georgia_tech_lamar_washington,tracking,97,48,0.495,0.413,72,25,0.347,0.306,23,7,0.304,0.098,43,12,0.279,0.183
georgia_tech_kam_craft,tracking,29,13,0.448,0.144,39,14,0.359,0.194,47,17,0.362,0.234,86,32,0.372,0.428
georgia_tech_chas_kelley_iii,tracking,20,9,0.45,0.18,18,8,0.444,0.162,26,10,0.385,0.234,47,18,0.383,0.423
georgia_tech_peyton_marshall,tracking,32,20,0.625,0.821,5,1,0.2,0.128,1,0,0.0,0.026,1,0,0.0,0.026
georgia_tech_eric_chatfield_jr_,tracking,4,4,1.0,0.095,13,5,0.385,0.31,9,2,0.222,0.214,16,4,0.25,0.381
georgia_tech_cole_kirouac,tracking,24,16,0.667,0.8,6,3,0.5,0.2,0,0,,0.0,0,0,,0.0
georgia_tech_davi_remagen,tracking,4,1,0.25,0.182,12,6,0.5,0.545,2,0,0.0,0.091,4,0,0.0,0.182
gonzaga_graham_ike,tracking,156,112,0.718,0.404,164,86,0.524,0.425,23,8,0.348,0.06,43,15,0.349,0.111
gonzaga_braden_huff,tracking,96,75,0.781,0.438,102,63,0.618,0.466,7,2,0.286,0.032,14,5,0.357,0.064
gonzaga_tyon_grant_foster,tracking,169,104,0.615,0.597,52,16,0.308,0.184,22,6,0.273,0.078,40,10,0.25,0.141
gonzaga_davis_fogle,tracking,75,53,0.707,0.444,59,24,0.407,0.349,12,5,0.417,0.071,23,8,0.348,0.136
gonzaga_mario_saint_supery,tracking,57,29,0.509,0.271,47,14,0.298,0.224,37,16,0.432,0.176,69,30,0.435,0.329
gonzaga_adam_miller,tracking,44,31,0.705,0.205,44,22,0.5,0.205,44,14,0.318,0.205,83,25,0.301,0.386
gonzaga_jalen_warley,tracking,103,65,0.631,0.687,47,20,0.426,0.313,0,0,,0.0,0,0,,0.0
gonzaga_emmanuel_innocenti,tracking,68,46,0.676,0.41,23,10,0.435,0.139,26,7,0.269,0.157,49,14,0.286,0.295
gonzaga_braeden_smith,tracking,43,28,0.651,0.314,43,19,0.442,0.314,18,6,0.333,0.131,33,11,0.333,0.241
gonzaga_steele_venters,tracking,8,6,0.75,0.07,8,2,0.25,0.07,34,13,0.382,0.298,64,23,0.359,0.561
gonzaga_isiah_harwell,tracking,11,6,0.545,0.087,32,7,0.219,0.252,29,8,0.276,0.228,55,15,0.273,0.433
gonzaga_massamba_diop,tracking,153,109,0.712,0.515,118,52,0.441,0.397,9,3,0.333,0.03,17,5,0.294,0.057
grand_canyon_jaden_henley,tracking,194,125,0.644,0.469,93,33,0.355,0.225,44,12,0.273,0.106,83,22,0.265,0.2
grand_canyon_makaih_williams,tracking,118,66,0.559,0.344,55,23,0.418,0.16,59,20,0.339,0.172,111,38,0.342,0.324
grand_canyon_brian_moore_jr_,tracking,96,58,0.604,0.464,57,20,0.351,0.275,19,8,0.421,0.092,35,14,0.4,0.169
grand_canyon_nana_owusu_anane,tracking,80,46,0.575,0.321,48,17,0.354,0.193,42,16,0.381,0.169,79,29,0.367,0.317
grand_canyon_efe_demirel,tracking,129,94,0.729,0.787,34,9,0.265,0.207,0,0,,0.0,1,0,0.0,0.006
grand_canyon_caleb_shaw,tracking,46,31,0.674,0.341,12,5,0.417,0.089,27,10,0.37,0.2,50,19,0.38,0.37
grand_canyon_dusty_stromer,tracking,29,13,0.448,0.157,39,13,0.333,0.211,41,14,0.341,0.222,76,25,0.329,0.411
grand_canyon_wilhelm_breidenbach,tracking,25,18,0.72,0.397,7,2,0.286,0.111,11,1,0.091,0.175,20,3,0.15,0.317
houston_emanuel_sharp,tracking,49,31,0.633,0.125,103,38,0.369,0.263,84,31,0.369,0.214,156,58,0.372,0.398
houston_milos_uzan,tracking,52,30,0.577,0.149,108,40,0.37,0.31,66,23,0.348,0.19,122,42,0.344,0.351
houston_joseph_tugler,tracking,104,77,0.74,0.515,97,41,0.423,0.48,0,0,,0.0,1,1,1.0,0.005
houston_mercy_miller,tracking,32,21,0.656,0.271,47,24,0.511,0.398,14,5,0.357,0.119,25,9,0.36,0.212
houston_chase_mccarty,tracking,10,8,0.8,0.099,9,4,0.444,0.089,29,10,0.345,0.287,53,19,0.358,0.525
houston_kalifa_sakho,tracking,32,29,0.906,0.842,6,2,0.333,0.158,0,0,,0.0,0,0,,0.0
houston_ramon_walker_jr_,tracking,5,5,1.0,0.088,18,6,0.333,0.316,12,3,0.25,0.211,22,6,0.273,0.386
houston_dedan_thomas_jr_,tracking,51,33,0.647,0.321,66,26,0.394,0.415,15,5,0.333,0.094,27,10,0.37,0.17
illinois_andrej_stojakovic,tracking,139,93,0.669,0.481,74,31,0.419,0.256,27,6,0.222,0.093,49,12,0.245,0.17
illinois_david_mirkovic,tracking,108,73,0.676,0.348,69,28,0.406,0.223,47,18,0.383,0.152,86,32,0.372,0.277
illinois_tomislav_ivisic,tracking,55,48,0.873,0.242,34,16,0.471,0.15,48,15,0.312,0.211,90,29,0.322,0.396
illinois_zvonimir_ivisic,tracking,56,50,0.893,0.352,9,5,0.556,0.057,33,10,0.303,0.208,61,18,0.295,0.384
illinois_ben_humrichous,tracking,19,12,0.632,0.115,4,1,0.25,0.024,50,18,0.36,0.303,92,32,0.348,0.558
illinois_jake_davis,tracking,13,8,0.615,0.094,0,0,,0.0,44,18,0.409,0.317,82,34,0.415,0.59
illinois_stefan_vaaks,tracking,64,41,0.641,0.168,56,21,0.375,0.147,91,32,0.352,0.239,169,59,0.349,0.445
indiana_tucker_devries,tracking,46,28,0.609,0.127,69,33,0.478,0.19,87,29,0.333,0.24,161,54,0.335,0.444
indiana_tayton_conerway,tracking,108,79,0.731,0.6,9,4,0.444,0.05,22,6,0.273,0.122,41,12,0.293,0.228
indiana_sam_alexis,tracking,123,95,0.772,0.741,33,16,0.485,0.199,4,1,0.25,0.024,6,2,0.333,0.036
indiana_reed_bailey,tracking,110,71,0.645,0.815,20,4,0.2,0.148,2,1,0.5,0.015,3,1,0.333,0.022
indiana_nick_dorn,tracking,14,9,0.643,0.079,6,3,0.5,0.034,55,21,0.382,0.309,103,39,0.379,0.579
indiana_conor_enright,tracking,39,20,0.513,0.322,7,3,0.429,0.058,26,9,0.346,0.215,49,17,0.347,0.405
indiana_trent_sisley,tracking,54,31,0.574,0.505,5,2,0.4,0.047,17,5,0.294,0.159,31,8,0.258,0.29
indiana_aiden_sherrell,tracking,135,90,0.667,0.631,11,6,0.545,0.051,24,8,0.333,0.112,44,14,0.318,0.206
indiana_markus_burton,tracking,51,32,0.627,0.383,46,22,0.478,0.346,13,4,0.308,0.098,23,7,0.304,0.173
indiana_samet_yigitoglu,tracking,163,115,0.706,0.674,78,36,0.462,0.322,0,0,,0.0,1,0,0.0,0.004
indiana_state_ian_scott,tracking,195,137,0.703,0.747,17,9,0.529,0.065,17,7,0.412,0.065,32,12,0.375,0.123
indiana_state_camp_wagner,tracking,79,38,0.481,0.232,26,9,0.346,0.076,83,28,0.337,0.243,153,53,0.346,0.449
indiana_state_sterling_young,tracking,106,56,0.528,0.394,21,3,0.143,0.078,50,17,0.34,0.186,92,31,0.337,0.342
indiana_state_derek_vorst,tracking,72,49,0.681,0.655,19,4,0.211,0.173,7,3,0.429,0.064,12,5,0.417,0.109
indiana_state_xavier_hall,tracking,94,59,0.628,0.45,26,10,0.385,0.124,31,7,0.226,0.148,58,14,0.241,0.278
indiana_state_markus_harding,tracking,67,42,0.627,0.511,21,10,0.476,0.16,15,5,0.333,0.115,28,10,0.357,0.214
indiana_state_bruno_alocen,tracking,27,18,0.667,0.161,19,8,0.421,0.113,43,13,0.302,0.256,79,24,0.304,0.47
indiana_state_jo_van_buggenhout,tracking,29,19,0.655,0.191,43,19,0.442,0.283,28,8,0.286,0.184,52,15,0.288,0.342
indiana_state_enel_st_bernard,tracking,107,76,0.71,0.907,9,3,0.333,0.076,1,0,0.0,0.008,1,0,0.0,0.008
iowa_bennett_stirtz,tracking,131,93,0.71,0.284,109,50,0.459,0.236,77,29,0.377,0.167,144,55,0.382,0.312
iowa_tavion_banks,tracking,144,83,0.576,0.661,38,17,0.447,0.174,13,6,0.462,0.06,23,11,0.478,0.106
iowa_cooper_koch,tracking,37,24,0.649,0.186,20,7,0.35,0.101,50,20,0.4,0.251,92,36,0.391,0.462
iowa_cam_manyawu,tracking,126,91,0.722,0.84,23,4,0.174,0.153,0,0,,0.0,1,1,1.0,0.007
iowa_kael_combs,tracking,38,21,0.553,0.253,64,33,0.516,0.427,17,6,0.353,0.113,31,11,0.355,0.207
iowa_tate_sage,tracking,56,35,0.625,0.448,9,3,0.333,0.072,21,8,0.381,0.168,39,14,0.359,0.312
iowa_isaia_howard,tracking,64,41,0.641,0.416,32,13,0.406,0.208,20,6,0.3,0.13,38,10,0.263,0.247
iowa_brendan_hausen,tracking,1,0,0.0,0.013,9,3,0.333,0.117,23,8,0.348,0.299,44,14,0.318,0.571
iowa_andrew_mckeever,tracking,140,80,0.571,0.676,58,22,0.379,0.28,3,1,0.333,0.014,6,2,0.333,0.029
iowa_state_milan_momcilovic,tracking,32,26,0.812,0.084,90,41,0.456,0.237,90,44,0.489,0.237,167,83,0.497,0.441
iowa_state_joshua_jefferson,tracking,176,107,0.608,0.429,124,48,0.387,0.302,38,13,0.342,0.093,72,25,0.347,0.176
iowa_state_tamin_lipsey,tracking,116,73,0.629,0.349,94,42,0.447,0.283,43,13,0.302,0.13,79,25,0.316,0.238
iowa_state_killyan_toure,tracking,99,63,0.636,0.43,55,17,0.309,0.239,27,8,0.296,0.117,49,15,0.306,0.213
iowa_state_blake_buchanan,tracking,143,107,0.748,0.726,53,20,0.377,0.269,0,0,,0.0,1,0,0.0,0.005
iowa_state_jamarion_batemon,tracking,36,19,0.528,0.189,23,8,0.348,0.121,46,18,0.391,0.242,85,33,0.388,0.447
iowa_state_nate_heise,tracking,56,35,0.625,0.409,6,1,0.167,0.044,26,8,0.308,0.19,49,15,0.306,0.358
iowa_state_dominykas_pleta,tracking,73,55,0.753,0.901,8,2,0.25,0.099,0,0,,0.0,0,0,,0.0
iowa_state_jaquan_johnson,tracking,152,83,0.546,0.38,109,36,0.33,0.273,49,19,0.388,0.122,90,34,0.378,0.225
kansas_tre_white,tracking,115,67,0.583,0.37,63,19,0.302,0.203,47,20,0.426,0.151,86,36,0.419,0.277
kansas_melvin_council_jr_,tracking,138,70,0.507,0.331,164,59,0.36,0.393,40,13,0.325,0.096,75,23,0.307,0.18
kansas_kohl_rosario,tracking,21,18,0.857,0.247,2,0,0.0,0.024,22,6,0.273,0.259,40,11,0.275,0.471
kansas_jamari_mcdowell,tracking,7,3,0.429,0.071,7,3,0.429,0.071,30,10,0.333,0.303,55,20,0.364,0.556
kansas_keanu_dawes,tracking,133,94,0.707,0.502,34,20,0.588,0.128,34,11,0.324,0.128,64,21,0.328,0.242
kansas_state_nate_johnson,tracking,95,58,0.611,0.307,56,16,0.286,0.181,55,22,0.4,0.178,103,42,0.408,0.333
kansas_state_david_castillo,tracking,98,54,0.551,0.338,33,6,0.182,0.114,56,20,0.357,0.193,103,36,0.35,0.355
kansas_state_khamari_mcgriff,tracking,120,94,0.783,0.736,38,16,0.421,0.233,2,0,0.0,0.012,3,1,0.333,0.018
kansas_state_andrej_kostic,tracking,22,9,0.409,0.208,4,1,0.25,0.038,28,10,0.357,0.264,52,20,0.385,0.491
kansas_state_taj_manning,tracking,64,43,0.672,0.634,10,1,0.1,0.099,9,2,0.222,0.089,18,3,0.167,0.178
kansas_state_elias_rapieque,tracking,26,19,0.731,0.413,12,0,0.0,0.19,9,4,0.444,0.143,16,6,0.375,0.254
kansas_state_christian_jones,tracking,33,14,0.424,0.25,30,11,0.367,0.227,24,6,0.25,0.182,45,10,0.222,0.341
kansas_state_dorin_buca,tracking,48,30,0.625,0.716,8,2,0.25,0.119,4,1,0.25,0.06,7,1,0.143,0.104
kansas_state_mobi_ikegwuruka,tracking,10,6,0.6,0.667,4,2,0.5,0.267,0,0,,0.0,1,0,0.0,0.067
kentucky_otega_oweh,tracking,206,131,0.636,0.444,136,43,0.316,0.293,43,14,0.326,0.093,79,27,0.342,0.17
kentucky_malachi_moreno,tracking,125,77,0.616,0.767,35,18,0.514,0.215,1,0,0.0,0.006,2,0,0.0,0.012
kentucky_kam_williams,tracking,27,19,0.704,0.26,2,1,0.5,0.019,26,9,0.346,0.25,49,17,0.347,0.471
kentucky_andrija_jelavic,tracking,52,40,0.769,0.347,23,11,0.478,0.153,26,7,0.269,0.173,49,14,0.286,0.327
kentucky_brandon_garrison,tracking,68,45,0.662,0.581,32,15,0.469,0.274,6,1,0.167,0.051,11,3,0.273,0.094
kentucky_trent_noah,tracking,7,4,0.571,0.113,4,1,0.25,0.065,18,6,0.333,0.29,33,11,0.333,0.532
kentucky_zoom_diallo,tracking,133,78,0.586,0.332,192,93,0.484,0.479,27,9,0.333,0.067,49,16,0.327,0.122
louisville_ryan_conwell,tracking,115,68,0.591,0.248,42,16,0.381,0.091,107,37,0.346,0.231,200,68,0.34,0.431
louisville_j_vonne_hadley,tracking,128,82,0.641,0.516,41,24,0.585,0.165,28,13,0.464,0.113,51,23,0.451,0.206
louisville_isaac_mckneely,tracking,26,15,0.577,0.095,21,10,0.476,0.077,79,30,0.38,0.289,147,56,0.381,0.538
louisville_adrian_wooley,tracking,91,53,0.582,0.425,15,5,0.333,0.07,38,13,0.342,0.178,70,24,0.343,0.327
louisville_khani_rooths,tracking,59,40,0.678,0.488,8,3,0.375,0.066,19,4,0.211,0.157,35,8,0.229,0.289
louisville_aly_khalifa,tracking,19,11,0.579,0.216,10,3,0.3,0.114,21,8,0.381,0.239,38,16,0.421,0.432
louisville_kobe_rodgers,tracking,35,20,0.571,0.493,6,4,0.667,0.085,10,4,0.4,0.141,20,7,0.35,0.282
louisville_alvaro_folgueiras,tracking,80,59,0.738,0.426,13,3,0.231,0.069,33,11,0.333,0.176,62,20,0.323,0.33
louisville_flory_bidunga,tracking,206,157,0.762,0.703,85,32,0.376,0.29,1,0,0.0,0.003,1,0,0.0,0.003
louisville_jackson_shelstad,tracking,26,18,0.692,0.154,38,15,0.395,0.225,37,12,0.324,0.219,68,21,0.309,0.402
louisville_karter_knox,tracking,49,31,0.633,0.353,21,7,0.333,0.151,24,9,0.375,0.173,45,17,0.378,0.324
loyola_chicago_miles_rubin,tracking,174,124,0.713,0.633,100,37,0.37,0.364,0,0,,0.0,1,0,0.0,0.004
loyola_chicago_xavier_amos,tracking,53,29,0.547,0.325,21,8,0.381,0.129,31,9,0.29,0.19,58,18,0.31,0.356
loyola_chicago_justin_moore,tracking,63,32,0.508,0.315,53,22,0.415,0.265,29,9,0.31,0.145,55,16,0.291,0.275
loyola_chicago_kayde_dotson,tracking,54,23,0.426,0.231,17,8,0.471,0.073,57,22,0.386,0.244,106,40,0.377,0.453
loyola_chicago_deywilk_tavarez,tracking,36,19,0.528,0.13,31,10,0.323,0.112,74,23,0.311,0.267,136,43,0.316,0.491
loyola_chicago_joshua_ola_joseph,tracking,65,39,0.6,0.376,13,3,0.231,0.075,33,9,0.273,0.191,62,18,0.29,0.358
loyola_chicago_chuck_love_iii,tracking,16,10,0.625,0.213,1,1,1.0,0.013,20,7,0.35,0.267,38,12,0.316,0.507
loyola_chicago_kymany_houinsou,tracking,48,29,0.604,0.64,15,5,0.333,0.2,4,2,0.5,0.053,8,3,0.375,0.107
loyola_chicago_nicolus_anderson,tracking,60,28,0.467,0.451,8,1,0.125,0.06,23,6,0.261,0.173,42,12,0.286,0.316
loyola_chicago_alexander_richardson,tracking,59,38,0.644,0.831,11,3,0.273,0.155,0,0,,0.0,1,0,0.0,0.014
loyola_chicago_daniil_glazkov,tracking,17,8,0.471,0.293,1,0,0.0,0.017,14,5,0.357,0.241,26,10,0.385,0.448
loyola_chicago_caleb_reese,tracking,6,1,0.167,0.176,9,5,0.556,0.265,7,1,0.143,0.206,12,2,0.167,0.353
lsu_max_mackinnon,tracking,100,57,0.57,0.265,105,37,0.352,0.279,60,23,0.383,0.159,112,42,0.375,0.297
lsu_michael_nwoko,tracking,161,114,0.708,0.66,80,36,0.45,0.328,1,0,0.0,0.004,2,0,0.0,0.008
lsu_marquel_sutton,tracking,127,76,0.598,0.431,61,25,0.41,0.207,37,11,0.297,0.125,70,21,0.3,0.237
lsu_pablo_tamba,tracking,106,75,0.708,0.752,11,5,0.455,0.078,8,3,0.375,0.057,16,5,0.312,0.113
lsu_robert_miller_iii,tracking,78,55,0.705,0.78,21,10,0.476,0.21,0,0,,0.0,1,0,0.0,0.01
lsu_jalen_reece,tracking,46,23,0.5,0.258,54,16,0.296,0.303,27,9,0.333,0.152,51,16,0.314,0.287
lsu_rashad_king,tracking,40,23,0.575,0.258,30,14,0.467,0.194,30,9,0.3,0.194,55,17,0.309,0.355
lsu_pj_carter,tracking,11,6,0.545,0.111,3,0,0.0,0.03,30,10,0.333,0.303,55,19,0.345,0.556
lsu_mouhamed_dioubate,tracking,101,68,0.673,0.601,41,16,0.39,0.244,9,2,0.222,0.054,17,3,0.176,0.101
marquette_nigel_james_jr_,tracking,249,136,0.546,0.594,49,19,0.388,0.117,42,15,0.357,0.1,79,27,0.342,0.189
marquette_royce_parham,tracking,135,91,0.674,0.493,34,17,0.5,0.124,37,12,0.324,0.135,68,23,0.338,0.248
marquette_zaide_lowery,tracking,39,19,0.487,0.438,5,1,0.2,0.056,16,5,0.312,0.18,29,8,0.276,0.326
marquette_ben_gold,tracking,74,50,0.676,0.336,6,3,0.5,0.027,49,13,0.265,0.223,91,24,0.264,0.414
marquette_adrien_stevens,tracking,55,35,0.636,0.268,5,0,0.0,0.024,51,19,0.373,0.249,94,35,0.372,0.459
marquette_sean_jones,tracking,17,5,0.294,0.354,2,1,0.5,0.042,10,3,0.3,0.208,19,6,0.316,0.396
marquette_damarius_owens,tracking,47,29,0.617,0.405,9,2,0.222,0.078,21,6,0.286,0.181,39,10,0.256,0.336
marquette_caedin_hamilton,tracking,62,28,0.452,0.795,14,5,0.357,0.179,1,0,0.0,0.013,1,0,0.0,0.013
marquette_sananda_fru,tracking,144,114,0.792,0.889,10,5,0.5,0.062,3,1,0.333,0.019,5,3,0.6,0.031
maryland_pharrel_payne,tracking,80,52,0.65,0.941,5,1,0.2,0.059,0,0,,0.0,0,0,,0.0
maryland_david_coit,tracking,76,48,0.632,0.21,67,30,0.448,0.185,77,25,0.325,0.213,142,46,0.324,0.392
maryland_andre_mills,tracking,112,57,0.509,0.339,58,23,0.397,0.176,56,19,0.339,0.17,104,36,0.346,0.315
maryland_darius_adams,tracking,97,52,0.536,0.309,83,26,0.313,0.264,47,12,0.255,0.15,87,21,0.241,0.277
maryland_solomon_washington,tracking,95,60,0.632,0.497,59,15,0.254,0.309,13,3,0.231,0.068,24,6,0.25,0.126
maryland_elijah_saunders,tracking,49,24,0.49,0.208,46,22,0.478,0.195,49,20,0.408,0.208,92,38,0.413,0.39
maryland_myles_rice,tracking,30,12,0.4,0.366,20,7,0.35,0.244,11,4,0.364,0.134,21,7,0.333,0.256
maryland_isaiah_watts,tracking,22,8,0.364,0.163,14,9,0.643,0.104,35,10,0.286,0.259,64,19,0.297,0.474
maryland_collin_metcalf,tracking,26,17,0.654,0.788,6,1,0.167,0.182,0,0,,0.0,1,0,0.0,0.03
maryland_george_turkson_jr_,tracking,17,7,0.412,0.63,4,2,0.5,0.148,2,0,0.0,0.074,4,0,0.0,0.148
maryland_tomislav_buljan,tracking,212,131,0.618,0.785,39,10,0.256,0.144,7,1,0.143,0.026,12,3,0.25,0.044
memphis_dug_mcdaniel,tracking,115,60,0.522,0.283,146,60,0.411,0.359,51,17,0.333,0.125,95,31,0.326,0.233
memphis_sincere_parker,tracking,98,54,0.551,0.326,118,43,0.364,0.392,30,10,0.333,0.1,55,18,0.327,0.183
memphis_curtis_givens_iii,tracking,48,31,0.646,0.255,44,15,0.341,0.234,34,12,0.353,0.181,62,23,0.371,0.33
memphis_aaron_bradshaw,tracking,97,64,0.66,0.577,44,17,0.386,0.262,9,3,0.333,0.054,18,6,0.333,0.107
memphis_julius_thedford,tracking,83,50,0.602,0.529,30,12,0.4,0.191,15,5,0.333,0.096,29,10,0.345,0.185
memphis_zachary_davis,tracking,81,46,0.568,0.443,30,10,0.333,0.164,25,7,0.28,0.137,47,13,0.277,0.257
memphis_hasan_abdul_hakim,tracking,35,20,0.571,0.467,21,7,0.333,0.28,7,1,0.143,0.093,12,2,0.167,0.16
memphis_quante_berry,tracking,36,19,0.528,0.228,38,17,0.447,0.241,29,9,0.31,0.184,55,16,0.291,0.348
memphis_ashton_hardaway,tracking,28,19,0.679,0.219,33,9,0.273,0.258,23,8,0.348,0.18,44,15,0.341,0.344
memphis_thierno_sylla,tracking,31,20,0.645,0.492,27,12,0.444,0.429,2,0,0.0,0.032,3,0,0.0,0.048
memphis_simon_majok,tracking,28,16,0.571,0.622,10,3,0.3,0.222,2,1,0.5,0.044,5,1,0.2,0.111
miami_malik_reneau,tracking,258,169,0.655,0.635,80,30,0.375,0.197,24,8,0.333,0.059,44,16,0.364,0.108
miami_shelton_henderson,tracking,178,124,0.697,0.576,83,37,0.446,0.269,17,5,0.294,0.055,31,8,0.258,0.1
miami_ernest_udeh_jr_,tracking,114,85,0.746,0.966,4,1,0.25,0.034,0,0,,0.0,0,0,,0.0
miami_dante_allen,tracking,55,34,0.618,0.359,27,11,0.407,0.176,25,7,0.28,0.163,46,14,0.304,0.301
miami_marcus_allen,tracking,10,4,0.4,0.303,10,5,0.5,0.303,5,2,0.4,0.152,8,3,0.375,0.242
miami_timotej_malovec,tracking,9,6,0.667,0.073,3,0,0.0,0.024,39,13,0.333,0.317,72,24,0.333,0.585
miami_noam_dovrat,tracking,6,4,0.667,0.086,9,2,0.222,0.129,19,9,0.474,0.271,36,17,0.472,0.514
miami_salih_altuntas,tracking,27,18,0.667,0.771,8,5,0.625,0.229,0,0,,0.0,0,0,,0.0
miami_acaden_lewis,tracking,160,100,0.625,0.482,76,28,0.368,0.229,34,9,0.265,0.102,62,17,0.274,0.187
michigan_yaxel_lendeborg,tracking,130,95,0.731,0.405,42,16,0.381,0.131,52,19,0.365,0.162,97,34,0.351,0.302
michigan_elliot_cadeau,tracking,83,45,0.542,0.311,42,14,0.333,0.157,50,19,0.38,0.187,92,34,0.37,0.345
michigan_trey_mckenney,tracking,47,29,0.617,0.203,36,18,0.5,0.155,52,20,0.385,0.224,97,36,0.371,0.418
michigan_l_j_cason,tracking,59,40,0.678,0.366,20,8,0.4,0.124,29,12,0.414,0.18,53,21,0.396,0.329
michigan_nimari_burnett,tracking,68,44,0.647,0.316,9,2,0.222,0.042,48,18,0.375,0.223,90,34,0.378,0.419
michigan_roddy_gayle_jr_,tracking,108,55,0.509,0.593,23,14,0.609,0.126,18,5,0.278,0.099,33,8,0.242,0.181
michigan_will_tschetter,tracking,18,11,0.611,0.184,5,1,0.2,0.051,26,9,0.346,0.265,49,18,0.367,0.5
michigan_j_p_estrella,tracking,129,87,0.674,0.639,63,33,0.524,0.312,4,1,0.25,0.02,6,3,0.5,0.03
michigan_moustapha_thiam,tracking,95,69,0.726,0.311,158,76,0.481,0.518,18,5,0.278,0.059,34,10,0.294,0.111
michigan_state_jeremy_fears_jr_,tracking,94,55,0.585,0.285,136,60,0.441,0.412,35,11,0.314,0.106,65,21,0.323,0.197
michigan_state_jaxon_kohler,tracking,88,66,0.75,0.293,80,35,0.438,0.267,46,18,0.391,0.153,86,34,0.395,0.287
michigan_state_coen_carr,tracking,134,97,0.724,0.498,68,21,0.309,0.253,23,6,0.261,0.086,44,12,0.273,0.164
michigan_state_carson_cooper,tracking,117,78,0.667,0.562,87,40,0.46,0.418,1,0,0.0,0.005,3,1,0.333,0.014
michigan_state_kur_teng,tracking,24,12,0.5,0.105,65,23,0.354,0.285,49,19,0.388,0.215,90,34,0.378,0.395
michigan_state_jordan_scott,tracking,16,12,0.75,0.107,39,15,0.385,0.262,33,12,0.364,0.221,61,22,0.361,0.409
michigan_state_cameron_ward,tracking,88,60,0.682,0.779,23,5,0.217,0.204,1,0,0.0,0.009,1,0,0.0,0.009
michigan_state_divine_ugochukwu,tracking,26,17,0.654,0.313,14,6,0.429,0.169,15,7,0.467,0.181,28,12,0.429,0.337
michigan_state_trey_fort,tracking,16,5,0.312,0.136,29,11,0.379,0.246,26,8,0.308,0.22,47,16,0.34,0.398
minnesota_cade_tyson,tracking,103,79,0.767,0.28,99,35,0.354,0.269,58,24,0.414,0.158,108,46,0.426,0.293
minnesota_jaylen_crocker_johnson,tracking,76,44,0.579,0.281,64,26,0.406,0.237,46,15,0.326,0.17,84,27,0.321,0.311
minnesota_langston_reynolds,tracking,190,119,0.626,0.72,31,12,0.387,0.117,15,4,0.267,0.057,28,7,0.25,0.106
minnesota_isaac_asuma,tracking,82,47,0.573,0.265,41,19,0.463,0.132,65,20,0.308,0.21,122,38,0.311,0.394
minnesota_bobby_durkin,tracking,33,24,0.727,0.134,18,7,0.389,0.073,69,27,0.391,0.279,127,51,0.402,0.514
minnesota_chansey_willis_jr_,tracking,11,9,0.818,0.282,17,5,0.294,0.436,4,1,0.25,0.103,7,1,0.143,0.179
minnesota_robert_vaihola,tracking,10,7,0.7,1.0,0,0,,0.0,0,0,,0.0,0,0,,0.0
minnesota_grayson_grove,tracking,68,47,0.691,0.739,6,4,0.667,0.065,6,2,0.333,0.065,12,3,0.25,0.13
minnesota_kai_shinholster,tracking,16,9,0.562,0.25,10,2,0.2,0.156,13,3,0.231,0.203,25,6,0.24,0.391
mississippi_state_josh_hubbard,tracking,105,64,0.61,0.193,171,73,0.427,0.314,94,33,0.351,0.173,174,61,0.351,0.32
mississippi_state_jayden_epps,tracking,67,38,0.567,0.194,95,44,0.463,0.275,64,20,0.312,0.185,120,36,0.3,0.347
mississippi_state_ja_borri_mcghee,tracking,61,34,0.557,0.295,69,22,0.319,0.333,27,10,0.37,0.13,50,19,0.38,0.242
mississippi_state_quincy_ballard,tracking,89,61,0.685,0.622,54,24,0.444,0.378,0,0,,0.0,0,0,,0.0
mississippi_state_achor_achor,tracking,70,41,0.586,0.427,31,11,0.355,0.189,22,6,0.273,0.134,41,12,0.293,0.25
mississippi_state_shawn_jones_jr_,tracking,44,28,0.636,0.299,33,13,0.394,0.224,24,7,0.292,0.163,46,13,0.283,0.313
mississippi_state_king_grace,tracking,42,24,0.571,0.452,6,3,0.5,0.065,16,5,0.312,0.172,29,9,0.31,0.312
mississippi_state_sergej_macura,tracking,53,39,0.736,0.51,30,12,0.4,0.288,7,2,0.286,0.067,14,4,0.286,0.135
mississippi_state_jamarion_davis_fleming,tracking,62,47,0.758,0.849,10,2,0.2,0.137,0,0,,0.0,1,0,0.0,0.014
missouri_mark_mitchell,tracking,209,140,0.67,0.577,108,44,0.407,0.298,16,6,0.375,0.044,29,10,0.345,0.08
missouri_jayden_stone,tracking,71,51,0.718,0.316,31,10,0.323,0.138,43,16,0.372,0.191,80,31,0.388,0.356
missouri_trent_pierce,tracking,52,37,0.712,0.347,5,0,0.0,0.033,33,13,0.394,0.22,60,24,0.4,0.4
missouri_anthony_robinson_ii,tracking,64,41,0.641,0.288,57,19,0.333,0.257,35,10,0.286,0.158,66,20,0.303,0.297
missouri_t_o_barrett,tracking,139,82,0.59,0.635,38,13,0.342,0.174,15,3,0.2,0.068,27,6,0.222,0.123
missouri_jacob_crews,tracking,37,26,0.703,0.207,18,4,0.222,0.101,43,20,0.465,0.24,81,36,0.444,0.453
missouri_shawn_phillips_jr_,tracking,100,79,0.79,0.719,39,17,0.436,0.281,0,0,,0.0,0,0,,0.0
missouri_sebastian_mack,tracking,50,25,0.5,0.424,35,14,0.4,0.297,12,3,0.25,0.102,21,6,0.286,0.178
missouri_jevon_porter,tracking,23,18,0.783,0.404,6,3,0.5,0.105,10,2,0.2,0.175,18,5,0.278,0.316
missouri_luke_northweather,tracking,12,8,0.667,0.267,2,0,0.0,0.044,11,5,0.455,0.244,20,8,0.4,0.444
missouri_annor_boateng,tracking,22,9,0.409,0.5,2,0,0.0,0.045,7,2,0.286,0.159,13,3,0.231,0.295
missouri_bryson_tiller,tracking,92,60,0.652,0.422,75,26,0.347,0.344,18,5,0.278,0.083,33,9,0.273,0.151
missouri_jamier_jones,tracking,186,119,0.64,0.785,20,4,0.2,0.084,11,4,0.364,0.046,20,8,0.4,0.084
nc_state_darrion_williams,tracking,77,40,0.519,0.208,110,37,0.336,0.296,64,26,0.406,0.173,120,48,0.4,0.323
nc_state_quadir_copeland,tracking,187,106,0.567,0.643,49,16,0.327,0.168,19,7,0.368,0.065,36,14,0.389,0.124
nc_state_paul_mcneil_jr_,tracking,37,22,0.595,0.125,30,7,0.233,0.101,80,34,0.425,0.27,149,64,0.43,0.503
nc_state_ven_allen_lubin,tracking,216,158,0.731,0.857,25,8,0.32,0.099,4,1,0.25,0.016,7,2,0.286,0.028
nc_state_tre_holloman,tracking,49,22,0.449,0.241,32,13,0.406,0.158,43,18,0.419,0.212,79,32,0.405,0.389
nc_state_jerry_deng,tracking,10,5,0.5,0.238,2,0,0.0,0.048,10,3,0.3,0.238,20,6,0.3,0.476
nc_state_alyn_breed,tracking,24,12,0.5,0.324,21,8,0.381,0.284,10,4,0.4,0.135,19,6,0.316,0.257
nc_state_terrance_arceneaux,tracking,33,17,0.515,0.347,18,8,0.444,0.189,15,5,0.333,0.158,29,10,0.345,0.305
nc_state_musa_sagnia,tracking,44,29,0.659,0.8,7,2,0.286,0.127,1,0,0.0,0.018,3,1,0.333,0.055
nebraska_pryce_sandfort,tracking,89,67,0.753,0.213,47,17,0.362,0.112,99,40,0.404,0.237,183,73,0.399,0.438
nebraska_rienk_mast,tracking,93,64,0.688,0.27,107,44,0.411,0.31,51,16,0.314,0.148,94,31,0.33,0.272
nebraska_braden_frager,tracking,83,66,0.795,0.344,17,3,0.176,0.071,49,17,0.347,0.203,92,32,0.348,0.382
nebraska_jamarques_lawrence,tracking,61,36,0.59,0.242,48,18,0.375,0.19,50,18,0.36,0.198,93,32,0.344,0.369
nebraska_sam_hoiberg,tracking,116,82,0.707,0.547,16,2,0.125,0.075,28,11,0.393,0.132,52,21,0.404,0.245
nebraska_ugnius_jarusevicius,tracking,2,2,1.0,0.667,0,0,,0.0,0,0,,0.0,1,1,1.0,0.333
nebraska_berke_buyuktuncel,tracking,80,55,0.688,0.523,27,6,0.222,0.176,16,4,0.25,0.105,30,6,0.2,0.196
nebraska_cale_jacobsen,tracking,49,35,0.714,0.445,24,10,0.417,0.218,13,5,0.385,0.118,24,9,0.375,0.218
nevada_corey_camper_jr_,tracking,101,60,0.594,0.268,110,46,0.418,0.292,58,23,0.397,0.154,108,43,0.398,0.286
nevada_elijah_price,tracking,173,85,0.491,0.678,53,16,0.302,0.208,10,4,0.4,0.039,19,6,0.316,0.075
nevada_tayshawn_comer,tracking,88,36,0.409,0.277,117,46,0.393,0.368,40,15,0.375,0.126,73,27,0.37,0.23
nevada_vaughn_weems,tracking,105,69,0.657,0.561,21,8,0.381,0.112,21,8,0.381,0.112,40,16,0.4,0.214
nevada_chuck_bailey_iii,tracking,60,33,0.55,0.321,51,12,0.235,0.273,27,10,0.37,0.144,49,18,0.367,0.262
nevada_tyler_rolison,tracking,53,20,0.377,0.358,54,26,0.481,0.365,14,3,0.214,0.095,27,5,0.185,0.182
nevada_joel_armotrading,tracking,41,20,0.488,0.683,18,8,0.444,0.3,0,0,,0.0,1,1,1.0,0.017
nevada_kaleb_lowery,tracking,38,24,0.632,0.342,19,11,0.579,0.171,19,6,0.316,0.171,35,12,0.343,0.315
nevada_peyton_white,tracking,44,23,0.523,0.367,27,10,0.37,0.225,17,5,0.294,0.142,32,10,0.312,0.267
nevada_amire_robinson,tracking,19,15,0.789,0.264,8,3,0.375,0.111,16,6,0.375,0.222,29,10,0.345,0.403
new_mexico_jake_hall,tracking,64,41,0.641,0.172,73,34,0.466,0.196,83,37,0.446,0.223,153,68,0.444,0.41
new_mexico_deyton_albury,tracking,171,96,0.561,0.701,23,9,0.391,0.094,18,7,0.389,0.074,32,12,0.375,0.131
new_mexico_uriah_tenette,tracking,84,44,0.524,0.313,62,23,0.371,0.231,43,14,0.326,0.16,79,25,0.316,0.295
new_mexico_luke_haupt,tracking,124,61,0.492,0.646,20,9,0.45,0.104,17,6,0.353,0.089,31,11,0.355,0.161
new_mexico_antonio_chol,tracking,33,21,0.636,0.141,37,18,0.486,0.158,57,20,0.351,0.244,107,37,0.346,0.457
new_mexico_jt_rock,tracking,62,40,0.645,0.5,19,12,0.632,0.153,15,6,0.4,0.121,28,11,0.393,0.226
new_mexico_tajavis_miller,tracking,30,16,0.533,0.214,15,7,0.467,0.107,33,11,0.333,0.236,62,21,0.339,0.443
new_mexico_chris_howell,tracking,23,10,0.435,0.5,5,2,0.4,0.109,6,2,0.333,0.13,12,3,0.25,0.261
north_carolina_seth_trimble,tracking,116,75,0.647,0.498,58,18,0.31,0.249,21,6,0.286,0.09,38,11,0.289,0.163
north_carolina_jarin_stevenson,tracking,60,46,0.767,0.341,31,12,0.387,0.176,30,9,0.3,0.17,55,16,0.291,0.313
north_carolina_jonathan_powell,tracking,23,12,0.522,0.174,10,2,0.2,0.076,35,13,0.371,0.265,64,25,0.391,0.485
north_carolina_kyan_evans,tracking,24,12,0.5,0.175,8,1,0.125,0.058,37,11,0.297,0.27,68,21,0.309,0.496
north_carolina_zayden_high,tracking,41,24,0.585,0.554,17,8,0.471,0.23,6,1,0.167,0.081,10,2,0.2,0.135
north_carolina_matt_able,tracking,64,35,0.547,0.268,43,17,0.395,0.18,46,17,0.37,0.192,86,31,0.36,0.36
north_carolina_neoklis_avdalas,tracking,74,49,0.662,0.222,99,29,0.293,0.296,56,18,0.321,0.168,105,33,0.314,0.314
north_carolina_terrence_brown,tracking,3,3,1.0,0.75,1,0,0.0,0.25,0,0,,0.0,0,0,,0.0
north_texas_je_shawn_stevenson,tracking,154,89,0.578,0.328,71,18,0.254,0.151,86,26,0.302,0.183,159,48,0.302,0.338
north_texas_david_terrell_jr_,tracking,183,101,0.552,0.537,87,27,0.31,0.255,25,6,0.24,0.073,46,12,0.261,0.135
north_texas_will_mcclendon,tracking,6,2,0.333,0.2,4,0,0.0,0.133,7,3,0.429,0.233,13,6,0.462,0.433
north_texas_dylan_arnett,tracking,100,64,0.64,0.42,132,47,0.356,0.555,2,0,0.0,0.008,4,1,0.25,0.017
north_texas_reece_robinson,tracking,111,74,0.667,0.59,26,4,0.154,0.138,18,6,0.333,0.096,33,11,0.333,0.176
north_texas_cole_franklin,tracking,75,45,0.6,0.417,42,13,0.31,0.233,22,6,0.273,0.122,41,10,0.244,0.228
north_texas_josiah_shackleford,tracking,75,47,0.627,0.664,38,16,0.421,0.336,0,0,,0.0,0,0,,0.0
north_texas_buddy_hammer_jr_,tracking,32,19,0.594,0.485,14,5,0.357,0.212,7,2,0.286,0.106,13,5,0.385,0.197
north_texas_ej_horton,tracking,32,22,0.688,0.432,7,1,0.143,0.095,12,3,0.25,0.162,23,6,0.261,0.311
north_texas_cahmai_crosby,tracking,6,4,0.667,0.071,6,0,0.0,0.071,26,9,0.346,0.306,47,16,0.34,0.553
north_texas_demarion_watson,tracking,20,10,0.5,0.294,6,1,0.167,0.088,15,4,0.267,0.221,27,7,0.259,0.397
north_texas_curtis_stinson_jr_,tracking,25,11,0.44,0.446,21,4,0.19,0.375,4,0,0.0,0.071,6,1,0.167,0.107
northwestern_nick_martinelli,tracking,166,104,0.627,0.316,252,119,0.472,0.479,38,16,0.421,0.072,70,29,0.414,0.133
northwestern_arrinten_page,tracking,96,75,0.781,0.464,67,27,0.403,0.324,15,4,0.267,0.072,29,7,0.241,0.14
northwestern_jayden_reid,tracking,81,34,0.42,0.277,110,48,0.436,0.377,35,11,0.314,0.12,66,21,0.318,0.226
northwestern_tre_singleton,tracking,92,65,0.707,0.472,49,19,0.388,0.251,19,3,0.158,0.097,35,6,0.171,0.179
northwestern_angelo_ciaravino,tracking,100,67,0.67,0.61,21,6,0.286,0.128,15,4,0.267,0.091,28,7,0.25,0.171
northwestern_jake_west,tracking,50,27,0.54,0.325,27,7,0.259,0.175,27,10,0.37,0.175,50,18,0.36,0.325
northwestern_max_green,tracking,18,11,0.611,0.18,14,3,0.214,0.14,24,8,0.333,0.24,44,15,0.341,0.44
northwestern_jordan_clayton,tracking,6,4,0.667,0.062,13,4,0.308,0.134,27,11,0.407,0.278,51,21,0.412,0.526
northwestern_k_j_windham,tracking,4,1,0.25,0.085,6,2,0.333,0.128,13,4,0.308,0.277,24,8,0.333,0.511
northwestern_justin_mullins,tracking,26,17,0.654,0.419,5,1,0.2,0.081,11,4,0.364,0.177,20,6,0.3,0.323
northwestern_tyler_kropp,tracking,41,21,0.512,0.532,25,10,0.4,0.325,4,1,0.25,0.052,7,2,0.286,0.091
notre_dame_cole_certa,tracking,34,21,0.618,0.113,47,11,0.234,0.156,77,28,0.364,0.255,144,53,0.368,0.477
notre_dame_braeden_shrewsberry,tracking,26,10,0.385,0.084,63,22,0.349,0.205,77,31,0.403,0.25,142,57,0.401,0.461
notre_dame_carson_towt,tracking,99,68,0.687,0.728,37,15,0.405,0.272,0,0,,0.0,0,0,,0.0
notre_dame_sir_mohammed,tracking,58,30,0.517,0.343,69,29,0.42,0.408,15,4,0.267,0.089,27,8,0.296,0.16
notre_dame_brady_koehler,tracking,35,22,0.629,0.282,34,13,0.382,0.274,19,7,0.368,0.153,36,14,0.389,0.29
notre_dame_logan_imes,tracking,40,25,0.625,0.274,29,5,0.172,0.199,27,9,0.333,0.185,50,16,0.32,0.342
notre_dame_garrett_sundra,tracking,28,21,0.75,0.311,10,3,0.3,0.111,18,6,0.333,0.2,34,10,0.294,0.378
notre_dame_kebba_njie,tracking,11,7,0.636,0.579,7,5,0.714,0.368,0,0,,0.0,1,0,0.0,0.053
ohio_state_bruce_thornton,tracking,96,73,0.76,0.228,174,101,0.58,0.413,53,21,0.396,0.126,98,39,0.398,0.233
ohio_state_john_mobley_jr_,tracking,45,21,0.467,0.131,74,35,0.473,0.215,79,33,0.418,0.23,146,61,0.418,0.424
ohio_state_christoph_tilly,tracking,121,77,0.636,0.528,53,21,0.396,0.231,19,5,0.263,0.083,36,8,0.222,0.157
ohio_state_amare_bynum,tracking,120,81,0.675,0.486,38,14,0.368,0.154,31,10,0.323,0.126,58,18,0.31,0.235
ohio_state_brandon_noel,tracking,49,38,0.776,0.681,8,4,0.5,0.111,5,1,0.2,0.069,10,2,0.2,0.139
ohio_state_taison_chatman,tracking,8,6,0.75,0.094,26,10,0.385,0.306,18,8,0.444,0.212,33,16,0.485,0.388
ohio_state_ivan_njegovan,tracking,29,18,0.621,0.569,19,9,0.474,0.373,1,1,1.0,0.02,2,1,0.5,0.039
ohio_state_puff_johnson,tracking,6,2,0.333,0.333,5,1,0.2,0.278,2,1,0.5,0.111,5,2,0.4,0.278
ohio_state_gabe_cupps,tracking,12,8,0.667,0.279,6,2,0.333,0.14,9,2,0.222,0.209,16,4,0.25,0.372
ohio_state_colin_white,tracking,7,7,1.0,0.25,4,2,0.5,0.143,6,1,0.167,0.214,11,1,0.091,0.393
ohio_state_justin_pippen,tracking,102,51,0.5,0.301,80,24,0.3,0.236,55,18,0.327,0.162,102,33,0.324,0.301
oklahoma_nijel_pack,tracking,42,24,0.571,0.1,130,63,0.485,0.308,88,40,0.455,0.209,162,73,0.451,0.384
oklahoma_xzayvier_brown,tracking,120,69,0.575,0.301,115,56,0.487,0.288,57,21,0.368,0.143,107,38,0.355,0.268
oklahoma_tae_davis,tracking,227,136,0.599,0.705,45,15,0.333,0.14,18,4,0.222,0.056,32,6,0.188,0.099
oklahoma_derrion_reid,tracking,122,79,0.648,0.48,42,17,0.405,0.165,31,11,0.355,0.122,59,21,0.356,0.232
oklahoma_kuol_atak,tracking,11,10,0.909,0.1,10,4,0.4,0.091,31,13,0.419,0.282,58,25,0.431,0.527
oklahoma_mohamed_wague,tracking,121,79,0.653,0.91,7,2,0.286,0.053,2,0,0.0,0.015,3,1,0.333,0.023
oklahoma_jadon_jones,tracking,14,11,0.786,0.106,9,1,0.111,0.068,38,13,0.342,0.288,71,25,0.352,0.538
oklahoma_dayton_forsythe,tracking,29,12,0.414,0.232,39,14,0.359,0.312,20,6,0.3,0.16,37,10,0.27,0.296
oklahoma_kirill_elatontsev,tracking,18,16,0.889,0.305,9,5,0.556,0.153,11,4,0.364,0.186,21,7,0.333,0.356
oklahoma_jeff_nwankwo,tracking,23,10,0.435,0.303,3,1,0.333,0.039,18,4,0.222,0.237,32,8,0.25,0.421
oklahoma_state_anthony_roy,tracking,102,57,0.559,0.289,26,8,0.308,0.074,79,31,0.392,0.224,146,58,0.397,0.414
oklahoma_state_parsa_fallah,tracking,179,119,0.665,0.749,30,12,0.4,0.126,10,4,0.4,0.042,20,8,0.4,0.084
oklahoma_state_kanye_clary,tracking,98,47,0.48,0.377,48,12,0.25,0.185,40,14,0.35,0.154,74,25,0.338,0.285
oklahoma_state_christian_coleman,tracking,165,98,0.594,0.657,32,12,0.375,0.127,19,5,0.263,0.076,35,9,0.257,0.139
oklahoma_state_jaylen_curry,tracking,106,59,0.557,0.414,74,27,0.365,0.289,27,9,0.333,0.105,49,16,0.327,0.191
oklahoma_state_isaiah_coleman,tracking,96,61,0.635,0.565,49,22,0.449,0.288,9,1,0.111,0.053,16,1,0.062,0.094
oklahoma_state_andrija_vukovic,tracking,75,51,0.68,0.833,12,4,0.333,0.133,1,0,0.0,0.011,2,1,0.5,0.022
oklahoma_state_benjamin_ahmed,tracking,46,26,0.565,0.92,4,1,0.25,0.08,0,0,,0.0,0,0,,0.0
oklahoma_state_lefteris_mantzoukas,tracking,17,11,0.647,0.304,6,2,0.333,0.107,12,3,0.25,0.214,21,5,0.238,0.375
oklahoma_state_ryan_crotty,tracking,7,3,0.429,0.119,1,0,0.0,0.017,18,6,0.333,0.305,33,10,0.303,0.559
oklahoma_state_julius_halaifonua,tracking,110,83,0.755,0.591,54,24,0.444,0.29,8,2,0.25,0.043,14,4,0.286,0.075
oklahoma_state_luka_bogavac,tracking,71,37,0.521,0.273,44,16,0.364,0.169,51,18,0.353,0.196,94,34,0.362,0.362
ole_miss_aj_storr,tracking,134,82,0.612,0.308,184,72,0.391,0.423,41,14,0.341,0.094,76,27,0.355,0.175
ole_miss_malik_dia,tracking,166,101,0.608,0.399,169,64,0.379,0.406,28,8,0.286,0.067,53,15,0.283,0.127
ole_miss_ilias_kamardine,tracking,62,44,0.71,0.175,152,64,0.421,0.429,49,14,0.286,0.138,91,27,0.297,0.257
ole_miss_patton_pinkins,tracking,32,21,0.656,0.14,96,43,0.448,0.419,35,15,0.429,0.153,66,28,0.424,0.288
ole_miss_kezza_giffa,tracking,26,16,0.615,0.277,24,8,0.333,0.255,15,6,0.4,0.16,29,10,0.345,0.309
ole_miss_travis_perry,tracking,10,5,0.5,0.06,20,4,0.2,0.12,48,17,0.354,0.289,88,31,0.352,0.53
ole_miss_eduardo_klafke,tracking,15,9,0.6,0.143,43,23,0.535,0.41,16,7,0.438,0.152,31,13,0.419,0.295
ole_miss_james_scott,tracking,85,62,0.729,1.0,0,0,,0.0,0,0,,0.0,0,0,,0.0
ole_miss_corey_chest,tracking,51,35,0.686,0.797,12,2,0.167,0.188,0,0,,0.0,1,1,1.0,0.016
ole_miss_augusto_cassia,tracking,18,14,0.778,0.327,21,7,0.333,0.382,6,1,0.167,0.109,10,3,0.3,0.182
ole_miss_adam_clark,tracking,94,49,0.521,0.27,214,95,0.444,0.615,14,3,0.214,0.04,26,6,0.231,0.075
oregon_nathan_bittle,tracking,119,83,0.697,0.383,79,26,0.329,0.254,40,13,0.325,0.129,73,23,0.315,0.235
oregon_wei_lin,tracking,20,9,0.45,0.111,55,22,0.4,0.306,37,11,0.297,0.206,68,20,0.294,0.378
oregon_sean_stewart,tracking,93,60,0.645,0.564,71,23,0.324,0.43,0,0,,0.0,1,1,1.0,0.006
oregon_dezdrick_lindsay,tracking,65,28,0.431,0.422,31,15,0.484,0.201,20,7,0.35,0.13,38,12,0.316,0.247
oregon_devon_pryor,tracking,16,11,0.688,0.4,6,2,0.333,0.15,6,1,0.167,0.15,12,3,0.25,0.3
oregon_jamari_phillips,tracking,4,2,0.5,0.055,8,3,0.375,0.11,21,6,0.286,0.288,40,12,0.3,0.548
oregon_drew_carter,tracking,4,3,0.75,0.069,8,4,0.5,0.138,16,6,0.375,0.276,30,10,0.333,0.517
oregon_dwayne_aristode,tracking,22,13,0.591,0.244,5,2,0.4,0.056,22,10,0.455,0.244,41,18,0.439,0.456
oregon_jasper_johnson,tracking,4,2,0.5,0.333,0,0,,0.0,3,1,0.333,0.25,5,1,0.2,0.417
penn_state_freddie_dilione_v,tracking,102,67,0.657,0.277,134,65,0.485,0.364,46,15,0.326,0.125,86,27,0.314,0.234
penn_state_josh_reed,tracking,88,54,0.614,0.358,71,34,0.479,0.289,30,11,0.367,0.122,57,21,0.368,0.232
penn_state_ivan_juric,tracking,122,89,0.73,0.646,14,5,0.357,0.074,19,5,0.263,0.101,34,10,0.294,0.18
penn_state_melih_tunca,tracking,75,51,0.68,0.408,45,11,0.244,0.245,22,7,0.318,0.12,42,13,0.31,0.228
penn_state_eli_rice,tracking,36,14,0.389,0.231,15,5,0.333,0.096,37,14,0.378,0.237,68,27,0.397,0.436
penn_state_dominick_stewart,tracking,32,17,0.531,0.186,28,13,0.464,0.163,39,14,0.359,0.227,73,25,0.342,0.424
penn_state_tibor_mirtic,tracking,37,23,0.622,0.787,7,1,0.143,0.149,1,0,0.0,0.021,2,1,0.5,0.043
penn_state_mason_blackwood,tracking,20,15,0.75,0.357,9,7,0.778,0.161,9,2,0.222,0.161,18,4,0.222,0.321
penn_state_sa_a_ciani,tracking,37,18,0.486,0.685,12,2,0.167,0.222,2,0,0.0,0.037,3,1,0.333,0.056
pittsburgh_cameron_corhen,tracking,169,109,0.645,0.523,116,49,0.422,0.359,13,5,0.385,0.04,25,9,0.36,0.077
pittsburgh_barry_dunning_jr_,tracking,120,83,0.692,0.37,33,9,0.273,0.102,60,21,0.35,0.185,111,38,0.342,0.343
pittsburgh_brandin_cummings,tracking,50,24,0.48,0.272,42,24,0.571,0.228,32,10,0.312,0.174,60,20,0.333,0.326
pittsburgh_roman_siulepa,tracking,153,88,0.575,0.569,18,7,0.389,0.067,34,10,0.294,0.126,64,19,0.297,0.238
pittsburgh_nojus_indrusaitis,tracking,75,39,0.52,0.285,46,12,0.261,0.175,50,19,0.38,0.19,92,36,0.391,0.35
pittsburgh_damarco_minor,tracking,24,16,0.667,0.101,39,16,0.41,0.165,61,19,0.311,0.257,113,36,0.319,0.477
pittsburgh_omari_witherspoon,tracking,74,36,0.486,0.306,81,31,0.383,0.335,30,9,0.3,0.124,57,16,0.281,0.236
pittsburgh_papa_amadou_kante,tracking,16,7,0.438,0.8,2,2,1.0,0.1,1,0,0.0,0.05,1,0,0.0,0.05
pittsburgh_baye_ndongo,tracking,146,98,0.671,0.649,65,22,0.338,0.289,5,2,0.4,0.022,9,3,0.333,0.04
providence_jaylin_sellers,tracking,153,86,0.562,0.363,84,34,0.405,0.2,64,28,0.438,0.152,120,51,0.425,0.285
providence_jason_edwards,tracking,65,35,0.538,0.226,82,41,0.5,0.286,49,17,0.347,0.171,91,31,0.341,0.317
providence_ryan_mela,tracking,136,79,0.581,0.564,49,24,0.49,0.203,20,6,0.3,0.083,36,12,0.333,0.149
providence_corey_floyd_jr_,tracking,58,34,0.586,0.389,40,11,0.275,0.268,18,7,0.389,0.121,33,12,0.364,0.221
providence_duncan_powell,tracking,17,9,0.529,0.193,6,3,0.5,0.068,23,7,0.304,0.261,42,13,0.31,0.477
providence_cole_hargrove,tracking,24,15,0.625,0.686,7,3,0.429,0.2,1,0,0.0,0.029,3,0,0.0,0.086
providence_malik_mack,tracking,101,52,0.515,0.25,115,46,0.4,0.285,66,20,0.303,0.163,122,36,0.295,0.302
providence_miles_byrd,tracking,95,56,0.589,0.325,49,16,0.327,0.168,52,15,0.288,0.178,96,29,0.302,0.329
purdue_braden_smith,tracking,71,43,0.606,0.182,163,74,0.454,0.418,55,20,0.364,0.141,101,37,0.366,0.259
purdue_trey_kaufman_renn,tracking,135,102,0.756,0.403,187,90,0.481,0.558,5,1,0.2,0.015,8,1,0.125,0.024
purdue_fletcher_loyer,tracking,46,28,0.609,0.139,52,20,0.385,0.157,82,34,0.415,0.248,151,64,0.424,0.456
purdue_oscar_cluff,tracking,153,121,0.791,0.712,62,29,0.468,0.288,0,0,,0.0,0,0,,0.0
purdue_c_j_cox,tracking,31,22,0.71,0.132,53,27,0.509,0.226,53,19,0.358,0.226,98,36,0.367,0.417
purdue_daniel_jacobsen,tracking,82,60,0.732,0.661,34,17,0.5,0.274,3,1,0.333,0.024,5,2,0.4,0.04
purdue_omer_mayer,tracking,15,10,0.667,0.085,58,25,0.431,0.33,36,13,0.361,0.205,67,25,0.373,0.381
purdue_gicarri_harris,tracking,27,19,0.704,0.205,19,3,0.158,0.144,30,10,0.333,0.227,56,20,0.357,0.424
purdue_jack_benter,tracking,21,16,0.762,0.178,12,6,0.5,0.102,30,12,0.4,0.254,55,23,0.418,0.466
rutgers_tariq_francis,tracking,63,31,0.492,0.151,211,96,0.455,0.506,50,18,0.36,0.12,93,33,0.355,0.223
rutgers_dylan_grant,tracking,119,65,0.546,0.478,59,23,0.39,0.237,25,8,0.32,0.1,46,14,0.304,0.185
rutgers_darren_buchanan_jr_,tracking,93,52,0.559,0.423,93,39,0.419,0.423,12,4,0.333,0.055,22,8,0.364,0.1
rutgers_jamichael_davis,tracking,49,22,0.449,0.239,76,28,0.368,0.371,28,10,0.357,0.137,52,19,0.365,0.254
rutgers_harun_zrno,tracking,22,12,0.545,0.116,15,4,0.267,0.079,54,18,0.333,0.284,99,34,0.343,0.521
rutgers_kaden_powers,tracking,22,12,0.545,0.116,81,25,0.309,0.429,30,10,0.333,0.159,56,18,0.321,0.296
rutgers_angelino_mark,tracking,92,46,0.5,0.594,23,7,0.304,0.148,14,3,0.214,0.09,26,6,0.231,0.168
rutgers_emmanuel_ogbole,tracking,86,59,0.686,0.796,22,5,0.227,0.204,0,0,,0.0,0,0,,0.0
rutgers_denis_badalau,tracking,17,9,0.529,0.205,19,6,0.316,0.229,16,4,0.25,0.193,31,6,0.194,0.373
rutgers_christopher_nwuli,tracking,19,9,0.474,0.413,19,5,0.263,0.413,3,1,0.333,0.065,5,3,0.6,0.109
rutgers_bryce_dortch,tracking,35,24,0.686,0.875,5,1,0.2,0.125,0,0,,0.0,0,0,,0.0
saint_louis_robbie_avila,tracking,104,65,0.625,0.39,14,8,0.571,0.052,52,22,0.423,0.195,97,40,0.412,0.363
saint_louis_dion_brown,tracking,160,117,0.731,0.637,34,12,0.353,0.135,20,8,0.4,0.08,37,15,0.405,0.147
saint_louis_trey_green,tracking,41,22,0.537,0.165,10,5,0.5,0.04,69,31,0.449,0.278,128,59,0.461,0.516
saint_louis_amari_mccottry,tracking,166,102,0.614,0.675,18,5,0.278,0.073,22,6,0.273,0.089,40,12,0.3,0.163
saint_louis_kellen_thames,tracking,160,115,0.719,0.825,23,9,0.391,0.119,4,1,0.25,0.021,7,1,0.143,0.036
saint_louis_ishan_sharma,tracking,16,9,0.562,0.078,10,4,0.4,0.049,63,27,0.429,0.306,117,50,0.427,0.568
saint_louis_quentin_jones,tracking,120,65,0.542,0.531,19,6,0.316,0.084,30,11,0.367,0.133,57,21,0.368,0.252
saint_louis_brady_dunlap,tracking,30,17,0.567,0.211,10,1,0.1,0.07,36,16,0.444,0.254,66,29,0.439,0.465
saint_louis_paul_otieno,tracking,93,55,0.591,0.877,10,4,0.4,0.094,1,1,1.0,0.009,2,1,0.5,0.019
saint_marys_joshua_dent,tracking,87,56,0.644,0.301,50,18,0.36,0.173,53,21,0.396,0.183,99,40,0.404,0.343
saint_marys_dillan_shaw,tracking,44,26,0.591,0.224,29,7,0.241,0.148,43,18,0.419,0.219,80,33,0.412,0.408
saint_marys_liam_campbell,tracking,23,13,0.565,0.242,24,10,0.417,0.253,17,8,0.471,0.179,31,16,0.516,0.326
saint_marys_harry_wessels,tracking,82,46,0.561,0.759,25,10,0.4,0.231,0,0,,0.0,1,0,0.0,0.009
saint_marys_rory_hawke,tracking,31,21,0.677,0.585,3,1,0.333,0.057,7,2,0.286,0.132,12,3,0.25,0.226
saint_marys_kevin_gad,tracking,3,2,0.667,0.273,2,0,0.0,0.182,2,1,0.5,0.182,4,1,0.25,0.364
san_diego_state_reese_dixon_waters,tracking,50,29,0.58,0.149,136,60,0.441,0.406,52,18,0.346,0.155,97,34,0.351,0.29
san_diego_state_bj_davis,tracking,71,42,0.592,0.271,90,34,0.378,0.344,35,13,0.371,0.134,66,25,0.379,0.252
san_diego_state_elzie_harrington,tracking,44,27,0.614,0.28,71,31,0.437,0.452,15,6,0.4,0.096,27,12,0.444,0.172
san_diego_state_pharaoh_compton,tracking,121,97,0.802,0.834,22,8,0.364,0.152,1,0,0.0,0.007,1,0,0.0,0.007
san_diego_state_tae_simmons,tracking,78,56,0.718,0.743,19,10,0.526,0.181,3,1,0.333,0.029,5,1,0.2,0.048
san_diego_state_miles_heide,tracking,88,62,0.705,0.698,31,11,0.355,0.246,2,1,0.5,0.016,5,1,0.2,0.04
san_diego_state_taj_degourville,tracking,39,15,0.385,0.228,75,28,0.373,0.439,20,7,0.35,0.117,37,13,0.351,0.216
san_diego_state_jeremiah_oden,tracking,36,28,0.778,0.319,23,5,0.217,0.204,19,6,0.316,0.168,35,10,0.286,0.31
san_diego_state_sean_newman_jr_,tracking,30,18,0.6,0.316,32,7,0.219,0.337,12,3,0.25,0.126,21,6,0.286,0.221
san_francisco_ryan_beasley,tracking,87,53,0.609,0.274,80,27,0.338,0.252,52,17,0.327,0.164,98,32,0.327,0.309
san_francisco_david_fuchs,tracking,166,99,0.596,0.716,32,10,0.312,0.138,12,4,0.333,0.052,22,7,0.318,0.095
san_francisco_tyrone_riley_iv,tracking,93,55,0.591,0.309,91,44,0.484,0.302,41,15,0.366,0.136,76,28,0.368,0.252
san_francisco_junjie_wang,tracking,73,43,0.589,0.349,24,7,0.292,0.115,39,14,0.359,0.187,73,25,0.342,0.349
san_francisco_legend_smiley,tracking,30,17,0.567,0.155,32,16,0.5,0.166,46,19,0.413,0.238,85,36,0.424,0.44
san_francisco_mookie_cook,tracking,69,37,0.536,0.479,15,3,0.2,0.104,21,8,0.381,0.146,39,16,0.41,0.271
san_francisco_vukasin_masic,tracking,35,21,0.6,0.206,24,11,0.458,0.141,39,11,0.282,0.229,72,21,0.292,0.424
san_francisco_guillermo_diaz_graham,tracking,39,23,0.59,0.307,15,2,0.133,0.118,26,10,0.385,0.205,47,18,0.383,0.37
san_francisco_veniamin_abosi,tracking,20,10,0.5,0.227,16,5,0.312,0.182,18,7,0.389,0.205,34,14,0.412,0.386
santa_clara_christian_hammond,tracking,133,77,0.579,0.336,133,65,0.489,0.336,46,18,0.391,0.116,84,34,0.405,0.212
santa_clara_elijah_mahi,tracking,143,78,0.545,0.364,98,47,0.48,0.249,53,18,0.34,0.135,99,33,0.333,0.252
santa_clara_aleksandar_gavalyugov,tracking,41,18,0.439,0.151,55,28,0.509,0.202,62,22,0.355,0.228,114,41,0.36,0.419
santa_clara_bukky_oboye,tracking,120,93,0.775,0.745,9,6,0.667,0.056,11,3,0.273,0.068,21,5,0.238,0.13
santa_clara_brenton_knapper,tracking,78,43,0.551,0.348,34,14,0.412,0.152,39,11,0.282,0.174,73,20,0.274,0.326
santa_clara_jake_ensminger,tracking,44,36,0.818,0.319,9,5,0.556,0.065,30,12,0.4,0.217,55,21,0.382,0.399
santa_clara_thierry_darlan,tracking,46,25,0.543,0.267,9,2,0.222,0.052,41,14,0.341,0.238,76,26,0.342,0.442
santa_clara_kj_cochran,tracking,41,28,0.683,0.291,15,10,0.667,0.106,30,8,0.267,0.213,55,15,0.273,0.39
seton_hall_a_j_staton_mccray,tracking,109,62,0.569,0.327,67,20,0.299,0.201,55,18,0.327,0.165,102,34,0.333,0.306
seton_hall_tj_simpkins,tracking,104,51,0.49,0.439,37,8,0.216,0.156,34,12,0.353,0.143,62,22,0.355,0.262
seton_hall_mike_williams_iii,tracking,60,32,0.533,0.284,54,14,0.259,0.256,34,12,0.353,0.161,63,21,0.333,0.299
seton_hall_elijah_fisher,tracking,101,55,0.545,0.616,29,10,0.345,0.177,12,3,0.25,0.073,22,5,0.227,0.134
seton_hall_stephon_payne_iii,tracking,124,68,0.548,0.886,16,5,0.312,0.114,0,0,,0.0,0,0,,0.0
seton_hall_trey_parker,tracking,52,23,0.442,0.403,36,15,0.417,0.279,14,3,0.214,0.109,27,6,0.222,0.209
seton_hall_josh_rivera,tracking,70,36,0.514,0.833,8,3,0.375,0.095,2,1,0.5,0.024,4,1,0.25,0.048
seton_hall_jacob_dar,tracking,47,29,0.617,0.671,4,3,0.75,0.057,7,1,0.143,0.1,12,3,0.25,0.171
smu_corey_washington,tracking,86,54,0.628,0.344,51,22,0.431,0.204,40,16,0.4,0.16,73,29,0.397,0.292
smu_jaden_toombs,tracking,56,41,0.732,0.352,77,41,0.532,0.484,9,2,0.222,0.057,17,4,0.235,0.107
smu_jermaine_o_neal_jr_,tracking,37,18,0.486,0.274,37,18,0.486,0.274,21,8,0.381,0.156,40,15,0.375,0.296
south_carolina_meechie_johnson_jr_,tracking,133,68,0.511,0.346,73,33,0.452,0.19,62,20,0.323,0.161,116,38,0.328,0.302
south_carolina_mike_sharavjamts,tracking,111,77,0.694,0.449,51,15,0.294,0.206,30,10,0.333,0.121,55,19,0.345,0.223
south_carolina_kobe_knox,tracking,100,66,0.66,0.427,60,26,0.433,0.256,26,8,0.308,0.111,48,15,0.312,0.205
south_carolina_elijah_strong,tracking,68,39,0.574,0.245,113,58,0.513,0.406,34,9,0.265,0.122,63,18,0.286,0.227
south_carolina_eli_ellis,tracking,60,32,0.533,0.29,64,25,0.391,0.309,29,8,0.276,0.14,54,15,0.278,0.261
south_carolina_myles_stute,tracking,22,12,0.545,0.154,11,5,0.455,0.077,38,12,0.316,0.266,72,22,0.306,0.503
south_carolina_nordin_kapic,tracking,17,8,0.471,0.233,9,6,0.667,0.123,16,6,0.375,0.219,31,10,0.323,0.425
south_carolina_grant_polk,tracking,13,10,0.769,0.127,10,3,0.3,0.098,28,9,0.321,0.275,51,17,0.333,0.5
south_carolina_ej_walker,tracking,25,15,0.6,0.446,2,2,1.0,0.036,10,2,0.2,0.179,19,5,0.263,0.339
st_johns_zuby_ejiofor,tracking,198,130,0.657,0.596,87,39,0.448,0.262,16,5,0.312,0.048,31,10,0.323,0.093
st_johns_bryce_hopkins,tracking,179,102,0.57,0.53,82,30,0.366,0.243,27,8,0.296,0.08,50,15,0.3,0.148
st_johns_oziyah_sellers,tracking,72,43,0.597,0.243,87,39,0.448,0.294,48,17,0.354,0.162,89,31,0.348,0.301
st_johns_ian_jackson,tracking,104,56,0.538,0.409,23,4,0.174,0.091,44,16,0.364,0.173,83,29,0.349,0.327
st_johns_dillon_mitchell,tracking,166,108,0.651,0.765,39,11,0.282,0.18,4,0,0.0,0.018,8,0,0.0,0.037
st_johns_joson_sanon,tracking,63,27,0.429,0.252,56,15,0.268,0.224,46,16,0.348,0.184,85,29,0.341,0.34
st_johns_dylan_darling,tracking,52,30,0.577,0.308,31,13,0.419,0.183,30,9,0.3,0.178,56,17,0.304,0.331
st_johns_rub_n_prey,tracking,41,22,0.537,0.446,32,11,0.344,0.348,7,4,0.571,0.076,12,6,0.5,0.13
st_johns_donnie_freeman,tracking,90,60,0.667,0.338,86,39,0.453,0.323,31,9,0.29,0.117,59,18,0.305,0.222
stanford_chisom_okpara,tracking,95,45,0.474,0.549,22,6,0.273,0.127,20,6,0.3,0.116,36,11,0.306,0.208
stanford_benny_gealer,tracking,25,14,0.56,0.1,22,12,0.545,0.088,71,29,0.408,0.285,131,55,0.42,0.526
stanford_jeremy_dent_smith,tracking,62,25,0.403,0.259,25,6,0.24,0.105,53,20,0.377,0.222,99,38,0.384,0.414
stanford_aj_rohosy,tracking,123,69,0.561,0.634,71,39,0.549,0.366,0,0,,0.0,0,0,,0.0
stanford_aidan_cammann,tracking,70,46,0.657,0.547,20,6,0.3,0.156,13,3,0.231,0.102,25,6,0.24,0.195
stanford_ryan_agarwal,tracking,51,20,0.392,0.283,25,8,0.32,0.139,36,13,0.361,0.2,68,24,0.353,0.378
stanford_oskar_giltay,tracking,52,35,0.673,0.812,12,5,0.417,0.188,0,0,,0.0,0,0,,0.0
stanford_donavin_young,tracking,16,9,0.562,0.291,13,5,0.385,0.236,9,3,0.333,0.164,17,5,0.294,0.309
stanford_jaylen_thompson,tracking,18,11,0.611,0.439,6,4,0.667,0.146,6,1,0.167,0.146,11,3,0.273,0.268
stanford_cameron_grant,tracking,2,1,0.5,0.035,2,0,0.0,0.035,19,5,0.263,0.333,34,8,0.235,0.596
syracuse_nate_kingz,tracking,91,68,0.747,0.314,20,9,0.45,0.069,63,23,0.365,0.217,116,43,0.371,0.4
syracuse_jj_starling,tracking,138,79,0.572,0.429,101,32,0.317,0.314,29,8,0.276,0.09,54,16,0.296,0.168
syracuse_naithan_george,tracking,69,33,0.478,0.252,79,41,0.519,0.288,44,13,0.295,0.161,82,24,0.293,0.299
syracuse_william_kyle_iii,tracking,147,104,0.707,0.891,17,4,0.235,0.103,0,0,,0.0,1,1,1.0,0.006
syracuse_kiyan_anthony,tracking,79,46,0.582,0.409,39,12,0.308,0.202,26,7,0.269,0.135,49,12,0.245,0.254
syracuse_tyler_betsey,tracking,17,5,0.294,0.101,29,13,0.448,0.172,43,18,0.419,0.254,80,32,0.4,0.473
syracuse_sadiq_white_jr_,tracking,89,63,0.708,0.601,39,10,0.256,0.264,7,3,0.429,0.047,13,5,0.385,0.088
tcu_xavier_edmonds,tracking,133,94,0.707,0.518,70,30,0.429,0.272,19,8,0.421,0.074,35,15,0.429,0.136
tcu_micah_robinson,tracking,109,54,0.495,0.413,35,10,0.286,0.133,42,13,0.31,0.159,78,25,0.321,0.295
tcu_jayden_pierre,tracking,74,41,0.554,0.253,70,32,0.457,0.24,52,19,0.365,0.178,96,34,0.354,0.329
tcu_brock_harding,tracking,57,35,0.614,0.218,94,32,0.34,0.36,38,10,0.263,0.146,72,20,0.278,0.276
tcu_liutauras_lelevicius,tracking,52,33,0.635,0.281,17,9,0.529,0.092,41,16,0.39,0.222,75,30,0.4,0.405
tcu_tanner_toolson,tracking,89,43,0.483,0.403,33,11,0.333,0.149,35,10,0.286,0.158,64,19,0.297,0.29
tcu_jace_posey,tracking,67,36,0.537,0.684,16,5,0.312,0.163,5,1,0.2,0.051,10,1,0.1,0.102
tennessee_ja_kobi_gillespie,tracking,140,82,0.586,0.285,87,30,0.345,0.177,93,31,0.333,0.189,172,57,0.331,0.35
tennessee_felix_okpara,tracking,121,84,0.694,0.733,33,9,0.273,0.2,4,1,0.25,0.024,7,3,0.429,0.042
tennessee_jaylen_carey,tracking,169,91,0.538,0.816,33,7,0.212,0.159,2,0,0.0,0.01,3,0,0.0,0.014
tennessee_bishop_boswell,tracking,33,19,0.576,0.243,44,18,0.409,0.324,21,8,0.381,0.154,38,15,0.395,0.279
tennessee_dewayne_brown_ii,tracking,75,48,0.64,0.714,30,13,0.433,0.286,0,0,,0.0,0,0,,0.0
tennessee_amari_evans,tracking,47,32,0.681,0.42,24,7,0.292,0.214,14,4,0.286,0.125,27,6,0.222,0.241
tennessee_cade_phillips,tracking,22,15,0.682,0.846,4,2,0.5,0.154,0,0,,0.0,0,0,,0.0
tennessee_amaree_abram,tracking,18,8,0.444,0.273,10,4,0.4,0.152,13,5,0.385,0.197,25,9,0.36,0.379
tennessee_ethan_burg,tracking,16,11,0.688,0.314,5,0,0.0,0.098,10,5,0.5,0.196,20,8,0.4,0.392
tennessee_dai_dai_ames,tracking,141,77,0.546,0.33,147,69,0.469,0.344,49,19,0.388,0.115,90,34,0.378,0.211
tennessee_jalen_haralson,tracking,182,116,0.637,0.605,94,34,0.362,0.312,9,2,0.222,0.03,16,3,0.188,0.053
tennessee_juke_harris,tracking,147,88,0.599,0.288,106,52,0.491,0.207,90,31,0.344,0.176,168,57,0.339,0.329
tennessee_terrence_hill_jr_,tracking,80,51,0.637,0.242,47,28,0.596,0.142,71,26,0.366,0.215,132,47,0.356,0.4
texas_matas_vokietaitis,tracking,212,148,0.698,0.828,44,13,0.295,0.172,0,0,,0.0,0,0,,0.0
texas_tramon_mark,tracking,87,59,0.678,0.259,119,57,0.479,0.354,46,15,0.326,0.137,84,27,0.321,0.25
texas_jordan_pope,tracking,34,20,0.588,0.103,98,39,0.398,0.296,70,26,0.371,0.211,129,49,0.38,0.39
texas_camden_heide,tracking,32,20,0.625,0.239,4,2,0.5,0.03,34,16,0.471,0.254,64,29,0.453,0.478
texas_chendall_weaver,tracking,76,43,0.566,0.51,30,11,0.367,0.201,15,4,0.267,0.101,28,6,0.214,0.188
texas_simeon_wilcher,tracking,43,18,0.419,0.267,31,12,0.387,0.193,30,11,0.367,0.186,57,20,0.351,0.354
texas_nic_codie,tracking,34,24,0.706,0.507,22,7,0.318,0.328,4,0,0.0,0.06,7,1,0.143,0.104
texas_lassina_traore,tracking,32,17,0.531,0.653,16,5,0.312,0.327,0,0,,0.0,1,0,0.0,0.02
texas_david_punch,tracking,179,111,0.62,0.539,108,47,0.435,0.325,16,5,0.312,0.048,29,8,0.276,0.087
texas_elyjah_freeman,tracking,105,63,0.6,0.457,39,10,0.256,0.17,30,10,0.333,0.13,56,19,0.339,0.243
texas_isaiah_johnson,tracking,136,90,0.662,0.408,49,16,0.327,0.147,52,20,0.385,0.156,96,36,0.375,0.288
texas_mikey_lewis,tracking,120,58,0.483,0.315,71,24,0.338,0.186,66,25,0.379,0.173,124,46,0.371,0.325
texas_am_rashaun_agee,tracking,186,112,0.602,0.594,50,19,0.38,0.16,27,7,0.259,0.086,50,13,0.26,0.16
texas_am_rylan_griffen,tracking,55,30,0.545,0.237,30,14,0.467,0.129,51,22,0.431,0.22,96,40,0.417,0.414
texas_am_mackenzie_mgbako,tracking,18,9,0.5,0.305,6,2,0.333,0.102,12,4,0.333,0.203,23,8,0.348,0.39
texas_am_marcus_hill,tracking,160,102,0.637,0.656,24,7,0.292,0.098,21,5,0.238,0.086,39,10,0.256,0.16
texas_am_pop_isaacs,tracking,44,28,0.636,0.194,39,13,0.333,0.172,50,20,0.4,0.22,94,37,0.394,0.414
texas_am_zach_clemence,tracking,54,31,0.574,0.329,26,13,0.5,0.159,29,12,0.414,0.177,55,23,0.418,0.335
texas_am_jacari_lane,tracking,60,33,0.55,0.403,8,2,0.25,0.054,28,8,0.286,0.188,53,16,0.302,0.356
texas_am_ali_abdou_dibba,tracking,98,48,0.49,0.624,15,5,0.333,0.096,15,6,0.4,0.096,29,11,0.379,0.185
texas_am_josh_holloway,tracking,53,29,0.547,0.564,15,7,0.467,0.16,9,3,0.333,0.096,17,6,0.353,0.181
texas_am_federiko_federiko,tracking,30,18,0.6,0.968,1,0,0.0,0.032,0,0,,0.0,0,0,,0.0
texas_am_p_j_haggerty,tracking,228,147,0.645,0.412,212,84,0.396,0.383,40,14,0.35,0.072,73,26,0.356,0.132
texas_tech_jt_toppin,tracking,177,125,0.706,0.414,194,93,0.479,0.453,20,6,0.3,0.047,37,10,0.27,0.086
texas_tech_donovan_atwell,tracking,5,1,0.2,0.017,23,13,0.565,0.076,96,43,0.448,0.318,178,81,0.455,0.589
texas_tech_josiah_moseley,tracking,22,19,0.864,0.579,11,3,0.273,0.289,2,1,0.5,0.053,3,2,0.667,0.079
texas_tech_luke_bamgboye,tracking,42,25,0.595,0.75,13,4,0.308,0.232,0,0,,0.0,1,0,0.0,0.018
texas_tech_tyeree_bryan,tracking,19,13,0.684,0.171,15,4,0.267,0.135,27,8,0.296,0.243,50,14,0.28,0.45
texas_tech_dra_gibbs_lawhorn,tracking,138,83,0.601,0.286,115,61,0.53,0.239,80,34,0.425,0.166,149,62,0.416,0.309
uab_jacob_meyer,tracking,83,51,0.614,0.275,122,42,0.344,0.404,34,11,0.324,0.113,63,21,0.333,0.209
uab_daniel_rivera,tracking,214,135,0.631,0.77,55,11,0.2,0.198,3,1,0.333,0.011,6,2,0.333,0.022
uab_kyeron_lindsay,tracking,142,88,0.62,0.66,71,26,0.366,0.33,1,0,0.0,0.005,1,1,1.0,0.005
uab_ahmad_robinson,tracking,58,27,0.466,0.271,61,23,0.377,0.285,33,12,0.364,0.154,62,21,0.339,0.29
uab_evan_chatman,tracking,84,58,0.69,0.398,51,13,0.255,0.242,27,7,0.259,0.128,49,14,0.286,0.232
uab_dayjaun_anderson,tracking,28,19,0.679,0.161,16,9,0.562,0.092,46,11,0.239,0.264,84,21,0.25,0.483
uab_salim_london,tracking,46,23,0.5,0.336,33,8,0.242,0.241,20,6,0.3,0.146,38,10,0.263,0.277
uab_quaran_mcpherson,tracking,27,15,0.556,0.314,19,11,0.579,0.221,14,4,0.286,0.163,26,8,0.308,0.302
ucf_riley_kugel,tracking,134,72,0.537,0.359,96,28,0.292,0.257,50,20,0.4,0.134,93,36,0.387,0.249
ucf_themus_fulks,tracking,154,83,0.539,0.418,165,68,0.412,0.448,17,7,0.412,0.046,32,13,0.406,0.087
ucf_jordan_burks,tracking,129,76,0.589,0.41,36,12,0.333,0.114,52,19,0.365,0.165,98,35,0.357,0.311
ucf_jamichael_stillwell,tracking,124,75,0.605,0.481,96,44,0.458,0.372,13,4,0.308,0.05,25,8,0.32,0.097
ucf_chris_johnson,tracking,50,32,0.64,0.314,25,7,0.28,0.157,29,11,0.379,0.182,55,20,0.364,0.346
ucf_john_bol,tracking,75,59,0.787,0.682,34,21,0.618,0.309,0,0,,0.0,1,0,0.0,0.009
ucf_devan_cambridge,tracking,63,42,0.667,0.5,5,0,0.0,0.04,20,5,0.25,0.159,38,10,0.263,0.302
ucf_carmelo_pacheco,tracking,2,1,0.5,0.018,6,3,0.5,0.053,37,15,0.405,0.325,69,27,0.391,0.605
ucla_tyler_bilodeau,tracking,67,45,0.672,0.19,148,74,0.5,0.419,48,22,0.458,0.136,90,42,0.467,0.255
ucla_donovan_dent,tracking,188,99,0.527,0.47,147,52,0.354,0.367,23,6,0.261,0.057,42,11,0.262,0.105
ucla_trent_perry,tracking,69,38,0.551,0.248,95,39,0.411,0.342,40,16,0.4,0.144,74,31,0.419,0.266
ucla_eric_dailey_jr_,tracking,92,62,0.674,0.317,108,52,0.481,0.372,31,10,0.323,0.107,59,18,0.305,0.203
ucla_skyy_clark,tracking,42,29,0.69,0.195,55,19,0.345,0.256,41,18,0.439,0.191,77,33,0.429,0.358
ucla_xavier_booker,tracking,63,47,0.746,0.368,48,22,0.458,0.281,21,9,0.429,0.123,39,16,0.41,0.228
ucla_jamar_brown,tracking,28,20,0.714,0.255,9,3,0.333,0.082,26,8,0.308,0.236,47,16,0.34,0.427
ucla_brandon_williams,tracking,36,23,0.639,0.48,14,3,0.214,0.187,9,2,0.222,0.12,16,4,0.25,0.213
ucla_eric_freeny,tracking,14,7,0.5,0.264,12,4,0.333,0.226,9,4,0.444,0.17,18,6,0.333,0.34
ucla_steven_jamerson_ii,tracking,23,19,0.826,0.767,7,3,0.429,0.233,0,0,,0.0,0,0,,0.0
ucla_jaylen_petty,tracking,37,19,0.514,0.151,36,15,0.417,0.147,60,22,0.367,0.245,112,42,0.375,0.457
uconn_alex_karaban,tracking,129,79,0.612,0.392,41,15,0.366,0.125,56,22,0.393,0.17,103,40,0.388,0.313
uconn_solomon_ball,tracking,76,45,0.592,0.212,53,27,0.509,0.148,80,25,0.312,0.223,150,47,0.313,0.418
uconn_braylon_mullins,tracking,38,22,0.579,0.138,60,35,0.583,0.217,62,22,0.355,0.225,116,41,0.353,0.42
uconn_silas_demary_jr_,tracking,107,56,0.523,0.421,65,27,0.415,0.256,29,12,0.414,0.114,53,22,0.415,0.209
uconn_jayden_ross,tracking,37,28,0.757,0.349,11,6,0.545,0.104,20,7,0.35,0.189,38,14,0.368,0.358
uconn_jaylin_stewart,tracking,32,24,0.75,0.305,23,6,0.261,0.219,18,6,0.333,0.171,32,11,0.344,0.305
uconn_malachi_smith,tracking,39,15,0.385,0.361,23,4,0.174,0.213,16,7,0.438,0.148,30,13,0.433,0.278
uconn_najai_hines,tracking,111,70,0.631,0.847,20,9,0.45,0.153,0,0,,0.0,0,0,,0.0
uconn_nikolas_khamenia,tracking,47,32,0.681,0.307,12,5,0.417,0.078,33,11,0.333,0.216,61,21,0.344,0.399
unlv_kimani_hamilton,tracking,127,83,0.654,0.422,83,31,0.373,0.276,32,11,0.344,0.106,59,21,0.356,0.196
unlv_tyrin_jones,tracking,193,125,0.648,0.828,33,9,0.273,0.142,2,1,0.5,0.009,5,1,0.2,0.021
unlv_howie_fleming_jr_,tracking,78,44,0.564,0.38,47,20,0.426,0.229,28,8,0.286,0.137,52,16,0.308,0.254
unlv_issac_williamson,tracking,63,30,0.476,0.283,44,18,0.409,0.197,41,13,0.317,0.184,75,24,0.32,0.336
unlv_jacob_bannarbie,tracking,84,49,0.583,0.824,15,3,0.2,0.147,1,0,0.0,0.01,2,1,0.5,0.02
unlv_naas_cunningham,tracking,18,10,0.556,0.191,29,11,0.379,0.309,16,4,0.25,0.17,31,7,0.226,0.33
unlv_al_green,tracking,28,18,0.643,0.262,19,7,0.368,0.178,21,7,0.333,0.196,39,12,0.308,0.364
unlv_walter_brown,tracking,40,22,0.55,0.417,12,5,0.417,0.125,15,6,0.4,0.156,29,10,0.345,0.302
unlv_emmanuel_stephen,tracking,42,28,0.667,0.592,28,8,0.286,0.394,0,0,,0.0,1,0,0.0,0.014
usc_chad_baker_mazara,tracking,63,42,0.667,0.186,115,47,0.409,0.34,56,21,0.375,0.166,104,40,0.385,0.308
usc_ezra_ausar,tracking,217,145,0.668,0.801,52,13,0.25,0.192,1,0,0.0,0.004,1,0,0.0,0.004
usc_alijah_arenas,tracking,50,22,0.44,0.275,71,27,0.38,0.39,21,5,0.238,0.115,40,8,0.2,0.22
usc_jacob_cofie,tracking,125,79,0.632,0.514,52,24,0.462,0.214,23,7,0.304,0.095,43,14,0.326,0.177
usc_kam_woods,tracking,66,37,0.561,0.407,54,24,0.444,0.333,15,2,0.133,0.093,27,5,0.185,0.167
usc_jordan_marsh,tracking,35,17,0.486,0.226,36,15,0.417,0.232,29,10,0.345,0.187,55,20,0.364,0.355
usc_jaden_brownell,tracking,32,22,0.688,0.232,21,7,0.333,0.152,30,9,0.3,0.217,55,16,0.291,0.399
usc_amarion_dickerson,tracking,13,7,0.538,0.591,0,0,,0.0,3,1,0.333,0.136,6,3,0.5,0.273
usc_jerry_easter_ii,tracking,50,26,0.52,0.455,43,18,0.419,0.391,6,1,0.167,0.055,11,3,0.273,0.1
usc_gabe_dynes,tracking,50,41,0.82,0.962,2,0,0.0,0.038,0,0,,0.0,0,0,,0.0
usc_ryan_cornish,tracking,9,5,0.556,0.184,6,2,0.333,0.122,12,4,0.333,0.245,22,7,0.318,0.449
usc_terrance_williams_ii,tracking,17,6,0.353,0.283,14,4,0.286,0.233,10,3,0.3,0.167,19,5,0.263,0.317
usc_eric_reibe,tracking,113,87,0.77,0.739,23,9,0.391,0.15,6,2,0.333,0.039,11,3,0.273,0.072
utah_don_mchenry,tracking,98,53,0.541,0.244,112,50,0.446,0.279,67,26,0.388,0.167,124,47,0.379,0.309
utah_seydou_traore,tracking,71,37,0.521,0.285,52,18,0.346,0.209,44,15,0.341,0.177,82,27,0.329,0.329
utah_jacob_patrick,tracking,5,2,0.4,0.094,5,3,0.6,0.094,15,7,0.467,0.283,28,13,0.464,0.528
utah_kendyl_sanders,tracking,46,25,0.543,0.346,12,3,0.25,0.09,26,11,0.423,0.195,49,20,0.408,0.368
utah_james_okonkwo,tracking,43,27,0.628,0.694,19,5,0.263,0.306,0,0,,0.0,0,0,,0.0
utah_josh_hayes,tracking,47,32,0.681,0.839,9,4,0.444,0.161,0,0,,0.0,0,0,,0.0
utah_lucas_langarita,tracking,0,0,,0.0,4,2,0.5,0.364,2,1,0.5,0.182,5,2,0.4,0.455
utah_obomate_abbey,tracking,28,11,0.393,0.318,21,6,0.286,0.239,14,2,0.143,0.159,25,5,0.2,0.284
utah_state_mj_collins,tracking,124,87,0.702,0.303,65,34,0.523,0.159,77,28,0.364,0.188,143,52,0.364,0.35
utah_state_mason_falslev,tracking,199,124,0.623,0.525,67,27,0.403,0.177,40,16,0.4,0.106,73,30,0.411,0.193
utah_state_karson_templin,tracking,119,75,0.63,0.569,30,11,0.367,0.144,21,8,0.381,0.1,39,14,0.359,0.187
utah_state_drake_allen,tracking,102,61,0.598,0.531,13,3,0.231,0.068,27,8,0.296,0.141,50,16,0.32,0.26
utah_state_kolby_king,tracking,41,31,0.756,0.241,15,5,0.333,0.088,40,16,0.4,0.235,74,29,0.392,0.435
utah_state_garry_clark,tracking,99,81,0.818,0.728,31,14,0.452,0.228,2,0,0.0,0.015,4,1,0.25,0.029
utah_state_adlan_elamin,tracking,70,44,0.629,0.4,15,5,0.333,0.086,31,10,0.323,0.177,59,19,0.322,0.337
utah_state_elijah_perryman,tracking,63,36,0.571,0.492,12,4,0.333,0.094,19,6,0.316,0.148,34,10,0.294,0.266
utah_state_zach_keller,tracking,49,30,0.612,0.636,11,5,0.455,0.143,6,3,0.5,0.078,11,6,0.545,0.143
utah_state_tucker_anderson,tracking,19,11,0.579,0.268,2,0,0.0,0.028,18,6,0.333,0.254,32,12,0.375,0.451
vanderbilt_tyler_tanner,tracking,181,116,0.641,0.418,103,40,0.388,0.238,52,20,0.385,0.12,97,36,0.371,0.224
vanderbilt_duke_miles,tracking,85,51,0.6,0.294,66,26,0.394,0.228,48,18,0.375,0.166,90,33,0.367,0.311
vanderbilt_tyler_nickel,tracking,35,27,0.771,0.102,49,24,0.49,0.142,91,36,0.396,0.265,169,68,0.402,0.491
vanderbilt_ak_okereke,tracking,81,50,0.617,0.36,49,24,0.49,0.218,33,12,0.364,0.147,62,23,0.371,0.276
vanderbilt_devin_mcglockton,tracking,122,92,0.754,0.515,21,9,0.429,0.089,33,10,0.303,0.139,61,18,0.295,0.257
vanderbilt_jalen_washington,tracking,116,79,0.681,0.601,41,18,0.439,0.212,13,4,0.308,0.067,23,6,0.261,0.119
vanderbilt_frankie_collins,tracking,31,15,0.484,0.564,1,1,1.0,0.018,8,2,0.25,0.145,15,3,0.2,0.273
vanderbilt_tyler_harris,tracking,34,23,0.676,0.218,37,16,0.432,0.237,30,8,0.267,0.192,55,16,0.291,0.353
vanderbilt_chandler_bing,tracking,40,27,0.675,0.471,6,2,0.333,0.071,14,4,0.286,0.165,25,7,0.28,0.294
vanderbilt_michael_james,tracking,6,2,0.333,0.176,4,0,0.0,0.118,8,3,0.375,0.235,16,5,0.312,0.471
vanderbilt_sebastian_williams_adams,tracking,101,61,0.604,0.647,23,9,0.391,0.147,11,3,0.273,0.071,21,5,0.238,0.135
vcu_lazar_djokovic,tracking,131,83,0.634,0.51,62,25,0.403,0.241,22,8,0.364,0.086,42,16,0.381,0.163
vcu_jadrian_tracey,tracking,76,40,0.526,0.281,27,11,0.407,0.1,58,22,0.379,0.215,109,42,0.385,0.404
vcu_nyk_lewis,tracking,58,30,0.517,0.276,24,7,0.292,0.114,45,16,0.356,0.214,83,31,0.373,0.395
vcu_brandon_jennings,tracking,105,48,0.457,0.52,40,15,0.375,0.198,20,9,0.45,0.099,37,17,0.459,0.183
vcu_michael_belle,tracking,99,62,0.626,0.532,43,18,0.419,0.231,15,8,0.533,0.081,29,14,0.483,0.156
vcu_barry_evans,tracking,110,63,0.573,0.485,36,12,0.333,0.159,28,9,0.321,0.123,53,17,0.321,0.233
vcu_tyrell_ward,tracking,58,34,0.586,0.487,5,4,0.8,0.042,20,6,0.3,0.168,36,12,0.333,0.303
vcu_ahmad_nowell,tracking,24,13,0.542,0.282,1,0,0.0,0.012,21,9,0.429,0.247,39,16,0.41,0.459
vcu_keyshawn_mitchell,tracking,19,13,0.684,0.404,3,1,0.333,0.064,9,2,0.222,0.191,16,3,0.188,0.34
villanova_tyler_perkins,tracking,101,61,0.604,0.292,73,29,0.397,0.211,60,22,0.367,0.173,112,41,0.366,0.324
villanova_duke_brennan,tracking,173,116,0.671,0.812,40,24,0.6,0.188,0,0,,0.0,0,0,,0.0
villanova_bryce_lindsay,tracking,68,38,0.559,0.208,51,13,0.255,0.156,73,25,0.342,0.223,135,47,0.348,0.413
villanova_devin_askew,tracking,46,20,0.435,0.172,65,24,0.369,0.243,55,22,0.4,0.205,102,42,0.412,0.381
villanova_matthew_hodge,tracking,54,38,0.704,0.26,18,6,0.333,0.087,48,18,0.375,0.231,88,32,0.364,0.423
villanova_malachi_palmer,tracking,26,20,0.769,0.236,11,5,0.455,0.1,26,9,0.346,0.236,47,16,0.34,0.427
villanova_tafara_gapare,tracking,8,2,0.25,0.296,5,2,0.4,0.185,5,1,0.2,0.185,9,2,0.222,0.333
villanova_devin_royal,tracking,85,58,0.682,0.279,124,57,0.46,0.407,34,11,0.324,0.111,62,20,0.323,0.203
villanova_kwame_evans_jr_,tracking,127,72,0.567,0.469,42,20,0.476,0.155,36,11,0.306,0.133,66,20,0.303,0.244
virginia_thijs_de_ridder,tracking,172,107,0.622,0.465,95,46,0.484,0.257,36,12,0.333,0.097,67,23,0.343,0.181
virginia_malik_thomas,tracking,99,49,0.495,0.294,60,29,0.483,0.178,62,21,0.339,0.184,116,40,0.345,0.344
virginia_sam_lewis,tracking,72,46,0.639,0.258,62,24,0.387,0.222,51,21,0.412,0.183,94,38,0.404,0.337
virginia_jacari_white,tracking,32,18,0.562,0.17,14,6,0.429,0.074,50,21,0.42,0.266,92,40,0.435,0.489
virginia_chance_mallory,tracking,77,43,0.558,0.35,34,12,0.353,0.155,38,13,0.342,0.173,71,25,0.352,0.323
virginia_johann_gr_nloh,tracking,90,61,0.678,0.511,26,12,0.462,0.148,21,7,0.333,0.119,39,14,0.359,0.222
virginia_ugonna_onyenso,tracking,97,66,0.68,0.588,33,17,0.515,0.2,12,4,0.333,0.073,23,6,0.261,0.139
virginia_dallin_hall,tracking,55,34,0.618,0.344,7,1,0.143,0.044,34,11,0.324,0.212,64,21,0.328,0.4
virginia_devin_tillis,tracking,25,13,0.52,0.238,19,6,0.316,0.181,21,8,0.381,0.2,40,15,0.375,0.381
virginia_tech_amani_hansberry,tracking,153,97,0.634,0.474,69,26,0.377,0.214,35,13,0.371,0.108,66,23,0.348,0.204
virginia_tech_ben_hammond,tracking,87,45,0.517,0.282,113,44,0.389,0.367,38,16,0.421,0.123,70,30,0.429,0.227
virginia_tech_toibu_lawal,tracking,89,65,0.73,0.536,29,13,0.448,0.175,17,4,0.235,0.102,31,8,0.258,0.187
virginia_tech_jailen_bedford,tracking,96,53,0.552,0.303,73,22,0.301,0.23,52,18,0.346,0.164,96,34,0.354,0.303
virginia_tech_tyler_johnson,tracking,44,30,0.682,0.478,7,2,0.286,0.076,14,6,0.429,0.152,27,11,0.407,0.293
virginia_tech_jaden_schutt,tracking,8,6,0.75,0.039,25,7,0.28,0.123,59,23,0.39,0.291,111,42,0.378,0.547
virginia_tech_christian_gurdak,tracking,81,56,0.691,0.764,25,11,0.44,0.236,0,0,,0.0,0,0,,0.0
wake_forest_myles_colvin,tracking,102,54,0.529,0.345,38,11,0.289,0.128,55,20,0.364,0.186,101,36,0.356,0.341
wake_forest_tre_von_spillers,tracking,149,107,0.718,0.542,94,32,0.34,0.342,11,4,0.364,0.04,21,8,0.381,0.076
wake_forest_nate_calmese,tracking,38,23,0.605,0.185,72,35,0.486,0.351,33,14,0.424,0.161,62,25,0.403,0.302
wake_forest_mekhi_mason,tracking,44,28,0.636,0.215,27,7,0.259,0.132,47,16,0.34,0.229,87,30,0.345,0.424
wake_forest_omaha_biliew,tracking,48,28,0.583,0.338,9,3,0.333,0.063,30,11,0.367,0.211,55,20,0.364,0.387
wake_forest_sebastian_akins,tracking,50,28,0.56,0.316,57,28,0.491,0.361,18,3,0.167,0.114,33,6,0.182,0.209
wake_forest_cooper_schwieger,tracking,63,42,0.667,0.496,29,10,0.345,0.228,12,5,0.417,0.094,23,8,0.348,0.181
wake_forest_isaac_carr,tracking,20,10,0.5,0.426,11,5,0.455,0.234,6,2,0.333,0.128,10,3,0.3,0.213
wake_forest_marqus_marion,tracking,11,8,0.727,0.423,3,1,0.333,0.115,4,0,0.0,0.154,8,1,0.125,0.308
washington_desmond_claude,tracking,43,22,0.512,0.333,54,24,0.444,0.419,11,3,0.273,0.085,21,6,0.286,0.163
washington_wesley_yates_iii,tracking,88,45,0.511,0.284,51,17,0.333,0.165,60,19,0.317,0.194,111,34,0.306,0.358
washington_quimari_peterson,tracking,30,18,0.6,0.113,32,14,0.438,0.121,71,25,0.352,0.268,132,46,0.348,0.498
washington_franck_kepnang,tracking,63,36,0.571,0.477,66,30,0.455,0.5,1,1,1.0,0.008,2,1,0.5,0.015
washington_jj_mandaquit,tracking,24,13,0.542,0.25,32,18,0.562,0.333,14,4,0.286,0.146,26,8,0.308,0.271
washington_lathan_sommerville,tracking,30,17,0.567,0.411,38,14,0.368,0.521,2,0,0.0,0.027,3,1,0.333,0.041
washington_courtland_muldrew,tracking,18,13,0.722,0.305,22,8,0.364,0.373,7,1,0.143,0.119,12,3,0.25,0.203
washington_jacob_ognacevic,tracking,5,5,1.0,0.185,4,0,0.0,0.148,6,3,0.5,0.222,12,5,0.417,0.444
washington_nikola_dzepina,tracking,2,2,1.0,0.05,4,1,0.25,0.1,12,3,0.25,0.3,22,5,0.227,0.55
washington_lejuan_watts,tracking,98,49,0.5,0.353,107,46,0.43,0.385,26,8,0.308,0.094,47,16,0.34,0.169
west_virginia_honor_huff,tracking,36,13,0.361,0.091,39,14,0.359,0.098,113,40,0.354,0.285,209,74,0.354,0.526
west_virginia_brenen_lorient,tracking,152,96,0.632,0.537,69,32,0.464,0.244,22,7,0.318,0.078,40,13,0.325,0.141
west_virginia_chance_moore,tracking,148,91,0.615,0.747,19,2,0.105,0.096,11,3,0.273,0.056,20,6,0.3,0.101
west_virginia_treysen_eaglestaff,tracking,76,43,0.566,0.267,50,16,0.32,0.175,56,18,0.321,0.196,103,34,0.33,0.361
west_virginia_jasper_floyd,tracking,68,41,0.603,0.389,51,24,0.471,0.291,20,7,0.35,0.114,36,14,0.389,0.206
west_virginia_dj_thomas,tracking,72,52,0.722,0.444,21,10,0.476,0.13,24,6,0.25,0.148,45,12,0.267,0.278
west_virginia_harlan_obioha,tracking,93,54,0.581,0.853,14,2,0.143,0.128,1,0,0.0,0.009,1,1,1.0,0.009
west_virginia_jackson_fields,tracking,19,13,0.684,0.613,3,2,0.667,0.097,3,1,0.333,0.097,6,1,0.167,0.194
west_virginia_amir_jenkins,tracking,38,13,0.342,0.339,45,16,0.356,0.402,10,3,0.3,0.089,19,5,0.263,0.17
west_virginia_morris_ugusuk,tracking,7,4,0.571,0.189,2,0,0.0,0.054,10,2,0.2,0.27,18,4,0.222,0.486
west_virginia_mouhamed_sylla,tracking,87,55,0.632,0.763,23,10,0.435,0.202,1,0,0.0,0.009,3,1,0.333,0.026
wisconsin_nick_boyd,tracking,234,132,0.564,0.463,102,48,0.471,0.202,59,22,0.373,0.117,110,40,0.364,0.218
wisconsin_nolan_winter,tracking,133,104,0.782,0.508,36,14,0.389,0.137,33,11,0.333,0.126,60,20,0.333,0.229
wisconsin_austin_rapp,tracking,54,34,0.63,0.245,11,1,0.091,0.05,54,20,0.37,0.245,101,37,0.366,0.459
wisconsin_braeden_carrington,tracking,23,12,0.522,0.114,10,2,0.2,0.05,59,24,0.407,0.292,110,44,0.4,0.545
wisconsin_andrew_rohde,tracking,34,18,0.529,0.191,14,5,0.357,0.079,46,14,0.304,0.258,84,27,0.321,0.472
wisconsin_aleksas_bieliauskas,tracking,47,28,0.596,0.338,13,5,0.385,0.094,28,10,0.357,0.201,51,18,0.353,0.367
wisconsin_jack_janicki,tracking,14,7,0.5,0.215,4,1,0.25,0.062,16,5,0.312,0.246,31,8,0.258,0.477
xavier_tre_carroll,tracking,155,100,0.645,0.351,151,76,0.503,0.342,47,16,0.34,0.107,88,29,0.33,0.2
xavier_jovan_milicevic,tracking,94,56,0.596,0.296,68,18,0.265,0.214,55,23,0.418,0.173,101,44,0.436,0.318
xavier_malik_moore,tracking,60,32,0.533,0.197,87,35,0.402,0.286,55,18,0.327,0.181,102,32,0.314,0.336
xavier_roddie_anderson_iii,tracking,115,65,0.565,0.357,86,25,0.291,0.267,42,13,0.31,0.13,79,25,0.316,0.245
xavier_filip_borovicanin,tracking,88,48,0.545,0.286,112,47,0.42,0.364,38,13,0.342,0.123,70,25,0.357,0.227
xavier_all_wright,tracking,62,36,0.581,0.335,34,12,0.353,0.184,31,13,0.419,0.168,58,25,0.431,0.314
xavier_isaiah_walker,tracking,47,27,0.574,0.42,9,3,0.333,0.08,20,8,0.4,0.179,36,15,0.417,0.321
xavier_anthony_robinson,tracking,29,18,0.621,0.829,6,1,0.167,0.171,0,0,,0.0,0,0,,0.0
xavier_pape_n_diaye,tracking,16,9,0.562,0.34,10,4,0.4,0.213,7,3,0.429,0.149,14,6,0.429,0.298
xavier_chance_westry,tracking,193,121,0.627,0.571,59,21,0.356,0.175,30,7,0.233,0.089,56,14,0.25,0.166
xavier_rub_n_dominguez,tracking,12,6,0.5,0.052,24,9,0.375,0.103,69,27,0.391,0.297,127,51,0.402,0.547
xavier_tru_washington,tracking,120,69,0.575,0.427,65,24,0.369,0.231,34,12,0.353,0.121,62,23,0.371,0.221
